[{"id":51271,"name":"Blood","type":10,"category":0,"actions":[],"coordinates":[[5564,11962],[5572,11842]],"size":[3,3,523],"rotations":[0,0],"colors":[7122329,6396809,8434380,6990537]},{"id":51270,"name":"Blood","type":10,"category":0,"actions":[],"coordinates":[[5564,11838],[5572,11966]],"size":[1,1,523],"rotations":[0,0],"colors":[7122329,6396809,8434380,6990537]},{"id":53003,"name":"Stairs","type":22,"category":0,"actions":["Quick-escape","Escape"],"coordinates":[[5628,11906],[5628,11902],[5628,11898]],"size":[1,1,523],"rotations":[0,0,0],"colors":[7122329,6396809,8434380,6990537]}]