[{"id":14674,"name":"Skeleton","type":10,"category":0,"actions":[],"coordinates":[[5444,45462],[5448,45462],[5452,45462],[5456,45462],[5488,45462],[5492,45462],[5500,45462]],"size":[1,1,523],"rotations":[0,0,0,0,0,0,0],"colors":[7122329,6396809,8434380,6990537]},{"id":14675,"name":"Skeleton","type":10,"category":0,"actions":[],"coordinates":[[5460,45464],[5464,45464],[5480,45464],[5484,45464]],"size":[2,1,523],"rotations":[1,3,3,1],"colors":[7122329,6396809,8434380,6990537]},{"id":21773,"name":"Soul Devourer","type":10,"category":0,"actions":[],"coordinates":[[5472,45394]],"size":[5,5,523],"rotations":[0],"colors":[7122329,6396809,8434380,6990537]},{"id":21772,"name":"Portcullis","type":10,"category":0,"actions":["Exit"],"coordinates":[[5472,45530]],"size":[3,1,523],"rotations":[0],"colors":[7122329,6396809,8434380,6990537]},{"id":14645,"name":"Skeleton","type":10,"category":0,"actions":[],"coordinates":[[5496,45462]],"size":[1,1,523],"rotations":[0],"colors":[7122329,6396809,8434380,6990537]},{"id":23101,"name":"Soul boat","type":10,"category":0,"actions":[],"coordinates":[[5508,45358]],"size":[3,3,523],"rotations":[0],"colors":[7122329,6396809,8434380,6990537]}]