[{"id":55049,"name":"Crates","type":10,"category":0,"actions":[],"coordinates":[[5384,13182],[5392,13158],[5492,13182],[5492,13178],[5492,13162],[5536,13166],[5536,13162],[5540,13186]],"size":[1,1,523],"rotations":[0,0,0,0,0,0,0,0],"colors":[7122329,6396809,8434380,6990537]},{"id":54957,"name":"Wine storage","type":10,"category":0,"actions":[],"coordinates":[[5386,13174]],"size":[3,2,523],"rotations":[3],"colors":[7122329,6396809,8434380,6990537]},{"id":55048,"name":"Crate","type":10,"category":0,"actions":[],"coordinates":[[5384,13166],[5388,13186],[5488,13182],[5496,13166],[5532,13166],[5544,13186]],"size":[1,1,523],"rotations":[0,0,0,0,0,0],"colors":[7122329,6396809,8434380,6990537]},{"id":54952,"name":"Wine storage","type":11,"category":0,"actions":[],"coordinates":[[5388,13182],[5392,13166],[5424,13190]],"size":[1,1,523],"rotations":[0,0,0],"colors":[7122329,6396809,8434380,6990537]},{"id":54955,"name":"Wine storage","type":10,"category":0,"actions":[],"coordinates":[[5400,13188],[5416,13188],[5444,13188],[5460,13188],[5476,13188]],"size":[3,2,523],"rotations":[2,2,2,2,2],"colors":[7122329,6396809,8434380,6990537]},{"id":54956,"name":"Wine storage","type":10,"category":0,"actions":[],"coordinates":[[5400,13160],[5416,13160],[5444,13160],[5460,13160],[5476,13160]],"size":[3,2,523],"rotations":[0,0,0,0,0],"colors":[7122329,6396809,8434380,6990537]},{"id":54785,"name":"Entrance","type":10,"category":0,"actions":[],"coordinates":[[5432,13208],[5432,13192]],"size":[2,3,523],"rotations":[3,1],"colors":[7122329,6396809,8434380,6990537]},{"id":54947,"name":"Staircase","type":10,"category":0,"actions":["Climb-up"],"coordinates":[[5430,13150]],"size":[2,3,523],"rotations":[0],"colors":[7122329,6396809,8434380,6990537]},{"id":55051,"name":"Wine barrel","type":10,"category":0,"actions":[],"coordinates":[[5486,13188],[5486,13160]],"size":[2,2,523],"rotations":[0,0],"colors":[7122329,6396809,8434380,6990537]},{"id":55050,"name":"Barrel","type":10,"category":0,"actions":[],"coordinates":[[5540,13182]],"size":[1,1,523],"rotations":[0],"colors":[7122329,6396809,8434380,6990537]},{"id":56437,"name":"Chest","type":10,"category":0,"actions":["Open"],"coordinates":[[5544,13170]],"size":[1,1,523],"rotations":[0],"colors":[7122329,6396809,8434380,6990537]},{"id":54936,"name":"Fern","type":10,"category":0,"actions":[],"coordinates":[[5550,13140],[5594,13148],[5602,13108]],"size":[2,2,523],"rotations":[0,0,0],"colors":[7122329,6396809,8434380,6990537]},{"id":54937,"name":"Fern","type":11,"category":0,"actions":[],"coordinates":[[5550,13108],[5590,13192],[5602,13140]],"size":[2,2,523],"rotations":[0,0,0],"colors":[7122329,6396809,8434380,6990537]},{"id":54945,"name":"Staircase","type":10,"category":0,"actions":["Climb-up"],"coordinates":[[5554,13170]],"size":[2,3,523],"rotations":[0],"colors":[7122329,6396809,8434380,6990537]},{"id":54951,"name":"Wine storage","type":10,"category":0,"actions":[],"coordinates":[[5552,13130]],"size":[1,1,523],"rotations":[0],"colors":[7122329,6396809,8434380,6990537]},{"id":54950,"name":"Food pot","type":10,"category":0,"actions":[],"coordinates":[[5552,13118],[5600,13130]],"size":[1,1,523],"rotations":[0,0],"colors":[7122329,6396809,8434380,6990537]},{"id":54935,"name":"Fern","type":11,"category":0,"actions":[],"coordinates":[[5558,13148],[5558,13100],[5594,13100]],"size":[2,2,523],"rotations":[0,0,0],"colors":[7122329,6396809,8434380,6990537]},{"id":54941,"name":"Young digweed","type":10,"category":2081,"actions":[],"coordinates":[[5556,13142],[5556,13106],[5596,13142],[5596,13106]],"size":[1,1,523],"rotations":[0,0,0,0],"colors":[7122329,6396809,8434380,6990537]},{"id":54940,"name":"Fern","type":10,"category":0,"actions":[],"coordinates":[[5560,13170],[5596,13190]],"size":[1,1,523],"rotations":[0,0],"colors":[7122329,6396809,8434380,6990537]},{"id":54892,"name":"Alembic","type":10,"category":2080,"actions":["Crystalise-potion","Check"],"coordinates":[[5564,13130]],"size":[1,1,523],"rotations":[0],"colors":[7122329,6396809,8434380,6990537]},{"id":54939,"name":"Fern","type":10,"category":0,"actions":[],"coordinates":[[5568,13190]],"size":[1,1,523],"rotations":[0],"colors":[7122329,6396809,8434380,6990537]},{"id":54914,"name":"Mixer","type":10,"category":0,"actions":[],"coordinates":[[5572,13136]],"size":[2,1,523],"rotations":[3],"colors":[7122329,6396809,8434380,6990537]},{"id":54869,"name":"Lye lever","type":10,"category":2079,"actions":["Operate"],"coordinates":[[5572,13134]],"size":[1,1,523],"rotations":[0],"colors":[7122329,6396809,8434380,6990537]},{"id":54881,"name":"Agitator","type":10,"category":2080,"actions":["Homogenise-potion","Check"],"coordinates":[[5572,13114]],"size":[1,1,523],"rotations":[0],"colors":[7122329,6396809,8434380,6990537]},{"id":54944,"name":"Lab books","type":10,"category":205,"actions":[],"coordinates":[[5576,13194]],"size":[1,1,523],"rotations":[0],"colors":[7122329,6396809,8434380,6990537]},{"id":54903,"name":"Hopper","type":10,"category":0,"actions":["Deposit"],"coordinates":[[5576,13142]],"size":[1,1,523],"rotations":[0],"colors":[7122329,6396809,8434380,6990537]},{"id":54915,"name":"Mixer","type":10,"category":0,"actions":[],"coordinates":[[5576,13138]],"size":[1,1,523],"rotations":[0],"colors":[7122329,6396809,8434380,6990537]},{"id":54867,"name":"Aga lever","type":4,"category":2079,"actions":["Operate"],"coordinates":[[5576,13134]],"size":[1,1,523],"rotations":[0],"colors":[7122329,6396809,8434380,6990537]},{"id":54918,"name":"Mixing vessel (Empty)","type":10,"category":0,"actions":["Take-from"],"coordinates":[[5576,13126]],"size":[1,1,523],"rotations":[0],"colors":[7122329,6396809,8434380,6990537]},{"id":54917,"name":"Conveyor belt","type":10,"category":0,"actions":["Fulfil-order"],"coordinates":[[5576,13106],[5576,13102]],"size":[1,1,523],"rotations":[0,0],"colors":[7122329,6396809,8434380,6990537]},{"id":54943,"name":"Lab books","type":10,"category":205,"actions":["Search"],"coordinates":[[5580,13194]],"size":[1,1,523],"rotations":[0],"colors":[7122329,6396809,8434380,6990537]},{"id":54916,"name":"Mixer","type":10,"category":0,"actions":[],"coordinates":[[5580,13136]],"size":[2,1,523],"rotations":[3],"colors":[7122329,6396809,8434380,6990537]},{"id":54868,"name":"Mox lever","type":10,"category":2079,"actions":["Operate"],"coordinates":[[5580,13134]],"size":[1,1,523],"rotations":[0],"colors":[7122329,6396809,8434380,6990537]},{"id":55032,"name":"Book","type":22,"category":0,"actions":[],"coordinates":[[5584,13194]],"size":[1,1,523],"rotations":[0],"colors":[7122329,6396809,8434380,6990537]},{"id":54870,"name":"Retort","type":10,"category":2080,"actions":["Concentrate-potion","Check"],"coordinates":[[5588,13130]],"size":[1,1,523],"rotations":[0],"colors":[7122329,6396809,8434380,6990537]},{"id":54938,"name":"Fern","type":11,"category":0,"actions":[],"coordinates":[[5592,13170]],"size":[1,1,523],"rotations":[0],"colors":[7122329,6396809,8434380,6990537]},{"id":54904,"name":"Refiner","type":10,"category":0,"actions":["Operate"],"coordinates":[[5596,13182]],"size":[1,1,523],"rotations":[0],"colors":[7122329,6396809,8434380,6990537]},{"id":54933,"name":"Bank Chest","type":10,"category":237,"actions":["Use","Collect"],"coordinates":[[5596,13178]],"size":[1,1,523],"rotations":[0],"colors":[7122329,6396809,8434380,6990537]},{"id":54949,"name":"Food pot","type":10,"category":0,"actions":[],"coordinates":[[5600,13118]],"size":[1,1,523],"rotations":[0],"colors":[7122329,6396809,8434380,6990537]}]