[{"id":56627,"name":"Broken keystone","type":11,"category":0,"actions":[],"coordinates":[[5422,12400],[5422,12356],[5482,12356]],"size":[2,2,523],"rotations":[0,0,0],"colors":[7122329,6396809,8434380,6990537]},{"id":56626,"name":"Broken keystone","type":10,"category":0,"actions":[],"coordinates":[[5422,12392],[5482,12396]],"size":[2,2,523],"rotations":[0,0],"colors":[7122329,6396809,8434380,6990537]},{"id":56628,"name":"Broken keystone","type":10,"category":0,"actions":[],"coordinates":[[5420,12382],[5420,12362],[5424,12406],[5428,12354],[5468,12350],[5484,12402]],"size":[1,1,523],"rotations":[0,0,0,0,0,0],"colors":[7122329,6396809,8434380,6990537]},{"id":56629,"name":"Broken keystone","type":11,"category":0,"actions":[],"coordinates":[[5424,12350],[5428,12402],[5480,12402],[5480,12350],[5484,12390]],"size":[1,1,523],"rotations":[0,0,0,0,0],"colors":[7122329,6396809,8434380,6990537]},{"id":51424,"name":"Ancient fountainhead","type":10,"category":244,"actions":[],"coordinates":[[5442,12412],[5462,12412]],"size":[2,2,523],"rotations":[0,0],"colors":[7122329,6396809,8434380,6990537]},{"id":56622,"name":"Glowing symbol","type":10,"category":2192,"actions":["Touch"],"coordinates":[[5452,12346]],"size":[3,1,523],"rotations":[0],"colors":[7122329,6396809,8434380,6990537]},{"id":56625,"name":"Broken keystone","type":10,"category":0,"actions":[],"coordinates":[[5474,12348]],"size":[2,2,523],"rotations":[0],"colors":[7122329,6396809,8434380,6990537]}]