[{"id":32054,"name":"Stone chest","type":10,"category":0,"actions":[],"coordinates":[[5378,9454],[5390,9338],[5414,9470],[5424,9464]],"size":[2,1,523],"rotations":[0,0,2,1],"colors":[7122329,6396809,8434380,6990537]},{"id":32057,"name":"Stone chest","type":10,"category":0,"actions":[],"coordinates":[[5386,9456]],"size":[2,2,523],"rotations":[0],"colors":[7122329,6396809,8434380,6990537]},{"id":34562,"name":"Blue chemical","type":10,"category":0,"actions":[],"coordinates":[[5390,9388],[5394,9396],[5402,9336],[5426,9320]],"size":[2,2,523],"rotations":[0,0,0,0],"colors":[7122329,6396809,8434380,6990537]},{"id":34587,"name":"Broken machinery","type":10,"category":0,"actions":["Investigate"],"coordinates":[[5392,9374]],"size":[3,3,523],"rotations":[0],"colors":[7122329,6396809,8434380,6990537]},{"id":32141,"name":"Generator","type":10,"category":0,"actions":[],"coordinates":[[5390,9358]],"size":[5,2,523],"rotations":[3],"colors":[7122329,6396809,8434380,6990537]},{"id":34563,"name":"Green chemical","type":10,"category":0,"actions":[],"coordinates":[[5390,9344],[5506,9320]],"size":[2,2,523],"rotations":[0,0],"colors":[7122329,6396809,8434380,6990537]},{"id":32126,"name":"Pile of Ancient Books","type":10,"category":0,"actions":[],"coordinates":[[5388,9334],[5408,9334]],"size":[1,1,523],"rotations":[0,0],"colors":[7122329,6396809,8434380,6990537]},{"id":34564,"name":"Red chemical","type":10,"category":0,"actions":[],"coordinates":[[5394,9332],[5506,9400]],"size":[2,2,523],"rotations":[0,0],"colors":[7122329,6396809,8434380,6990537]},{"id":32128,"name":"Candle","type":10,"category":0,"actions":[],"coordinates":[[5400,9454],[5412,9454]],"size":[1,1,523],"rotations":[0,0],"colors":[7122329,6396809,8434380,6990537]},{"id":32127,"name":"Pile of Ancient Books","type":10,"category":0,"actions":[],"coordinates":[[5400,9330]],"size":[1,1,523],"rotations":[0],"colors":[7122329,6396809,8434380,6990537]},{"id":34548,"name":"Rocks","type":10,"category":0,"actions":["Climb"],"coordinates":[[5406,9426]],"size":[2,1,523],"rotations":[2],"colors":[7122329,6396809,8434380,6990537]},{"id":34586,"name":"Stone chest","type":10,"category":0,"actions":["Search"],"coordinates":[[5406,9352]],"size":[2,2,523],"rotations":[0],"colors":[7122329,6396809,8434380,6990537]},{"id":34585,"name":"Stone chest","type":11,"category":0,"actions":["Search"],"coordinates":[[5422,9456]],"size":[2,2,523],"rotations":[0],"colors":[7122329,6396809,8434380,6990537]},{"id":34554,"name":"Alchemical door","type":0,"category":1300,"actions":["Open","Quick-open"],"coordinates":[[5420,9398]],"size":[1,1,523],"rotations":[0],"colors":[7122329,6396809,8434380,6990537]},{"id":34553,"name":"Alchemical door","type":0,"category":1300,"actions":["Open","Quick-open"],"coordinates":[[5420,9394]],"size":[1,1,523],"rotations":[0],"colors":[7122329,6396809,8434380,6990537]}]