[{"id":34655,"name":"Mysterious pipe","type":10,"category":0,"actions":["Enter"],"coordinates":[[5384,9506]],"size":[1,1,523],"rotations":[0],"colors":[7122329,6396809,8434380,6990537]},{"id":1546,"name":"Door","type":0,"category":0,"actions":["Open"],"coordinates":[[5512,9538],[5512,9522],[5516,9554],[5540,9554],[5544,9538],[5544,9522]],"size":[1,1,523],"rotations":[0,0,0,0,0,0],"colors":[7122329,6396809,8434380,6990537]},{"id":33493,"name":"Steam Generator","type":10,"category":0,"actions":["Inspect"],"coordinates":[[5528,9554]],"size":[3,3,523],"rotations":[0],"colors":[7122329,6396809,8434380,6990537]},{"id":33499,"name":"Power Grid","type":10,"category":0,"actions":["Inspect"],"coordinates":[[5528,9530]],"size":[3,3,523],"rotations":[0],"colors":[7122329,6396809,8434380,6990537]},{"id":33484,"name":"Ladder","type":10,"category":0,"actions":["Climb-up"],"coordinates":[[5528,9514]],"size":[1,1,523],"rotations":[0],"colors":[7122329,6396809,8434380,6990537]},{"id":33497,"name":"Crates","type":10,"category":209,"actions":["Search"],"coordinates":[[5544,9530],[5544,9514],[5552,9526]],"size":[1,1,523],"rotations":[0,0,0],"colors":[7122329,6396809,8434380,6990537]},{"id":33496,"name":"Crate","type":10,"category":209,"actions":["Search"],"coordinates":[[5544,9526],[5552,9530]],"size":[1,1,523],"rotations":[0,0],"colors":[7122329,6396809,8434380,6990537]},{"id":33498,"name":"Crate","type":10,"category":209,"actions":["Search"],"coordinates":[[5548,9518]],"size":[1,1,523],"rotations":[0],"colors":[7122329,6396809,8434380,6990537]}]