[{"id":55033,"name":"Table","type":10,"category":156,"actions":[],"coordinates":[[5508,12628],[5540,12624]],"size":[2,1,523],"rotations":[3,3],"colors":[7122329,6396809,8434380,6990537]},{"id":55048,"name":"Crate","type":11,"category":0,"actions":[],"coordinates":[[5508,12622],[5520,12622],[5528,12634],[5528,12622],[5528,12618],[5532,12610],[5540,12614]],"size":[1,1,523],"rotations":[0,0,0,0,0,0,0],"colors":[7122329,6396809,8434380,6990537]},{"id":52577,"name":"Bookshelf","type":10,"category":205,"actions":[],"coordinates":[[5512,12634],[5524,12610]],"size":[1,1,523],"rotations":[0,0],"colors":[7122329,6396809,8434380,6990537]},{"id":56468,"name":"Ladder","type":10,"category":664,"actions":["Climb-up"],"coordinates":[[5512,12614]],"size":[1,1,523],"rotations":[0],"colors":[7122329,6396809,8434380,6990537]},{"id":52578,"name":"Bookshelf","type":10,"category":205,"actions":[],"coordinates":[[5516,12634],[5520,12610]],"size":[1,1,523],"rotations":[0,0],"colors":[7122329,6396809,8434380,6990537]},{"id":55049,"name":"Crates","type":10,"category":0,"actions":[],"coordinates":[[5524,12634],[5524,12622],[5524,12618],[5536,12610],[5540,12610]],"size":[1,1,523],"rotations":[0,0,0,0,0],"colors":[7122329,6396809,8434380,6990537]},{"id":56516,"name":"Chair","type":11,"category":0,"actions":[],"coordinates":[[5536,12626]],"size":[1,1,523],"rotations":[0],"colors":[7122329,6396809,8434380,6990537]},{"id":55050,"name":"Barrel","type":11,"category":0,"actions":[],"coordinates":[[5540,12634],[5540,12630]],"size":[1,1,523],"rotations":[0,0],"colors":[7122329,6396809,8434380,6990537]}]