[{"id":51375,"name":"Entrance","type":10,"category":0,"actions":["Pass-through"],"coordinates":[[5382,12068],[5418,12284],[5426,12284],[5554,12124],[5554,12072],[5554,12064]],"size":[2,2,523],"rotations":[0,0,0,0,0,0],"colors":[7122329,6396809,8434380,6990537]},{"id":51398,"name":"Chain","type":10,"category":0,"actions":[],"coordinates":[[5392,12230],[5392,12170],[5444,12174],[5452,12214],[5452,12138],[5480,12174]],"size":[1,1,523],"rotations":[0,0,0,0,0,0],"colors":[7122329,6396809,8434380,6990537]},{"id":39682,"name":"Bush","type":10,"category":0,"actions":[],"coordinates":[[5394,12212],[5394,12148],[5414,12104],[5450,12196]],"size":[2,2,523],"rotations":[0,0,0,0],"colors":[7122329,6396809,8434380,6990537]},{"id":39681,"name":"Bush","type":10,"category":0,"actions":[],"coordinates":[[5392,12204],[5392,12176],[5392,12144],[5392,12128],[5452,12208],[5452,12176],[5452,12152],[5472,12268]],"size":[1,2,523],"rotations":[0,0,0,0,2,2,2,0],"colors":[7122329,6396809,8434380,6990537]},{"id":42092,"name":"Stool","type":10,"category":0,"actions":[],"coordinates":[[5392,12110],[5404,12106]],"size":[1,1,523],"rotations":[0,0],"colors":[7122329,6396809,8434380,6990537]},{"id":52425,"name":"Barrel","type":10,"category":0,"actions":[],"coordinates":[[5392,12106]],"size":[1,1,523],"rotations":[0],"colors":[7122329,6396809,8434380,6990537]},{"id":51371,"name":"Supply crates","type":10,"category":0,"actions":["Take-from","Take-from <col=00ffff>Fishing","Take-from <col=00ffff>Hunting","Take-from <col=00ffff>Herblore"],"coordinates":[[5392,12102]],"size":[1,1,523],"rotations":[0],"colors":[7122329,6396809,8434380,6990537]},{"id":51362,"name":"Cooking stove","type":10,"category":0,"actions":["Cook","Make-cuppa"],"coordinates":[[5398,12108]],"size":[2,2,523],"rotations":[0],"colors":[7122329,6396809,8434380,6990537]},{"id":51342,"name":"Brazier","type":10,"category":0,"actions":[],"coordinates":[[5396,12078],[5396,12058]],"size":[1,1,523],"rotations":[0,0],"colors":[7122329,6396809,8434380,6990537]},{"id":14523,"name":"Skeleton","type":10,"category":0,"actions":[],"coordinates":[[5400,12130],[5476,12282],[5528,12218],[5532,12162]],"size":[1,1,523],"rotations":[0,0,0,0],"colors":[7122329,6396809,8434380,6990537]},{"id":51364,"name":"Camp barrier","type":10,"category":0,"actions":[],"coordinates":[[5402,12112]],"size":[2,2,523],"rotations":[0],"colors":[7122329,6396809,8434380,6990537]},{"id":51329,"name":"Statue","type":10,"category":0,"actions":[],"coordinates":[[5408,12262],[5436,12262]],"size":[3,3,523],"rotations":[0,0],"colors":[7122329,6396809,8434380,6990537]},{"id":14524,"name":"Skeleton","type":10,"category":0,"actions":[],"coordinates":[[5404,12186],[5440,12154],[5472,12198],[5480,12170],[5488,12266],[5524,12170],[5524,12134],[5532,12170]],"size":[1,1,523],"rotations":[0,0,0,0,0,0,0,0],"colors":[7122329,6396809,8434380,6990537]},{"id":51428,"name":"Ancient fountainhead","type":10,"category":1931,"actions":[],"coordinates":[[5410,12080],[5410,12056],[5442,12080],[5442,12056],[5474,12080],[5474,12056]],"size":[2,2,523],"rotations":[0,0,0,0,0,0],"colors":[7122329,6396809,8434380,6990537]},{"id":14525,"name":"Skeleton","type":10,"category":0,"actions":[],"coordinates":[[5436,12212],[5494,12282],[5512,12276]],"size":[2,1,523],"rotations":[1,2,1],"colors":[7122329,6396809,8434380,6990537]},{"id":51337,"name":"Statue","type":10,"category":0,"actions":[],"coordinates":[[5476,12274],[5528,12082]],"size":[3,3,523],"rotations":[0,0],"colors":[7122329,6396809,8434380,6990537]},{"id":51906,"name":"Brazier","type":10,"category":0,"actions":[],"coordinates":[[5482,12150],[5522,12150]],"size":[2,3,523],"rotations":[0,0],"colors":[7122329,6396809,8434380,6990537]},{"id":51400,"name":"Carving","type":10,"category":0,"actions":[],"coordinates":[[5502,12134]],"size":[6,1,523],"rotations":[0],"colors":[7122329,6396809,8434380,6990537]},{"id":56621,"name":"Glowing symbol","type":10,"category":0,"actions":["Touch"],"coordinates":[[5502,12282]],"size":[2,1,523],"rotations":[2],"colors":[7122329,6396809,8434380,6990537]},{"id":51336,"name":"Statue","type":10,"category":0,"actions":[],"coordinates":[[5528,12054]],"size":[3,3,523],"rotations":[0],"colors":[7122329,6396809,8434380,6990537]}]