[{"id":8951,"name":"Rock","type":10,"category":0,"actions":[],"coordinates":[[5456,10446],[5504,10446],[5544,10442]],"size":[1,1,523],"rotations":[0,0,0],"colors":[7122329,6396809,8434380,6990537]},{"id":46415,"name":"Pillar","type":11,"category":0,"actions":[],"coordinates":[[5456,10426],[5456,10386],[5544,10426],[5544,10386]],"size":[1,1,523],"rotations":[0,0,0,0],"colors":[7122329,6396809,8434380,6990537]},{"id":8950,"name":"Rock","type":10,"category":0,"actions":[],"coordinates":[[5466,10440],[5534,10448]],"size":[2,2,523],"rotations":[0,0],"colors":[7122329,6396809,8434380,6990537]},{"id":46361,"name":"Stone table","type":10,"category":155,"actions":[],"coordinates":[[5468,10374]],"size":[1,1,523],"rotations":[0],"colors":[7122329,6396809,8434380,6990537]},{"id":46339,"name":"Stone chest","type":10,"category":0,"actions":[],"coordinates":[[5468,10370],[5532,10358]],"size":[1,1,523],"rotations":[0,0],"colors":[7122329,6396809,8434380,6990537]},{"id":46342,"name":"Vase","type":10,"category":0,"actions":[],"coordinates":[[5468,10358],[5472,10354],[5524,10354],[5532,10374],[5532,10370]],"size":[1,1,523],"rotations":[0,0,0,0,0],"colors":[7122329,6396809,8434380,6990537]},{"id":8952,"name":"Rock","type":10,"category":0,"actions":[],"coordinates":[[5478,10444]],"size":[2,2,523],"rotations":[0],"colors":[7122329,6396809,8434380,6990537]},{"id":46357,"name":"Stone table","type":10,"category":154,"actions":[],"coordinates":[[5478,10356]],"size":[2,2,523],"rotations":[0],"colors":[7122329,6396809,8434380,6990537]},{"id":46341,"name":"Stone chest","type":10,"category":0,"actions":[],"coordinates":[[5488,10374],[5512,10354]],"size":[1,1,523],"rotations":[0,0],"colors":[7122329,6396809,8434380,6990537]},{"id":46377,"name":"Stone table","type":10,"category":154,"actions":["Search"],"coordinates":[[5494,10374]],"size":[1,2,523],"rotations":[3],"colors":[7122329,6396809,8434380,6990537]},{"id":41817,"name":"Vines","type":10,"category":0,"actions":[],"coordinates":[[5496,10334]],"size":[1,1,523],"rotations":[0],"colors":[7122329,6396809,8434380,6990537]},{"id":46330,"name":"Rope","type":10,"category":0,"actions":["Climb-up"],"coordinates":[[5500,10296]],"size":[2,3,523],"rotations":[1],"colors":[7122329,6396809,8434380,6990537]},{"id":46337,"name":"Rubble","type":10,"category":0,"actions":[],"coordinates":[[5500,10382],[5536,10382]],"size":[1,1,523],"rotations":[0,0],"colors":[7122329,6396809,8434380,6990537]},{"id":46380,"name":"Vines","type":0,"category":0,"actions":["Inspect"],"coordinates":[[5500,10334]],"size":[1,1,523],"rotations":[0],"colors":[7122329,6396809,8434380,6990537]},{"id":41818,"name":"Vines","type":10,"category":0,"actions":[],"coordinates":[[5504,10334]],"size":[1,1,523],"rotations":[0],"colors":[7122329,6396809,8434380,6990537]},{"id":46348,"name":"Stone table","type":10,"category":169,"actions":[],"coordinates":[[5510,10374]],"size":[1,2,523],"rotations":[3],"colors":[7122329,6396809,8434380,6990537]},{"id":46355,"name":"Stone table","type":10,"category":154,"actions":[],"coordinates":[[5518,10354]],"size":[1,2,523],"rotations":[3],"colors":[7122329,6396809,8434380,6990537]}]