[{"id":1282,"name":"Dead tree","type":10,"category":189,"actions":["Chop down"],"coordinates":[[5398,36084],[5430,36056],[5498,36092]],"size":[2,2,523],"rotations":[0,0,0],"colors":[7122329,6396809,8434380,6990537]},{"id":20781,"name":"Skeleton","type":10,"category":0,"actions":[],"coordinates":[[5404,36092],[5406,36054],[5434,36066]],"size":[2,1,523],"rotations":[1,0,2],"colors":[7122329,6396809,8434380,6990537]},{"id":14756,"name":"Banner","type":10,"category":0,"actions":[],"coordinates":[[5412,36070],[5440,36082],[5456,36066]],"size":[1,1,523],"rotations":[0,0,0],"colors":[7122329,6396809,8434380,6990537]},{"id":20780,"name":"Skeleton","type":10,"category":0,"actions":[],"coordinates":[[5428,36070]],"size":[1,1,523],"rotations":[0],"colors":[7122329,6396809,8434380,6990537]},{"id":34486,"name":"Tree","type":10,"category":0,"actions":[],"coordinates":[[5448,35902],[5464,35914],[5472,35878],[5484,35902],[5484,35890]],"size":[1,1,523],"rotations":[0,0,0,0,0],"colors":[7122329,6396809,8434380,6990537]},{"id":46328,"name":"Tree","type":10,"category":0,"actions":[],"coordinates":[[5456,35882]],"size":[1,1,523],"rotations":[0],"colors":[7122329,6396809,8434380,6990537]},{"id":16873,"name":"Fish bits","type":10,"category":529,"actions":[],"coordinates":[[5460,35894]],"size":[1,1,523],"rotations":[0],"colors":[7122329,6396809,8434380,6990537]},{"id":16872,"name":"Fish bits","type":10,"category":529,"actions":[],"coordinates":[[5460,35890],[5464,35894]],"size":[1,1,523],"rotations":[0,0],"colors":[7122329,6396809,8434380,6990537]},{"id":24108,"name":"Barrel","type":10,"category":0,"actions":[],"coordinates":[[5464,35886]],"size":[1,1,523],"rotations":[0],"colors":[7122329,6396809,8434380,6990537]},{"id":848,"name":"Spear wall","type":10,"category":0,"actions":[],"coordinates":[[5468,36084],[5468,36076],[5468,36068]],"size":[2,1,523],"rotations":[1,1,1],"colors":[7122329,6396809,8434380,6990537]},{"id":33613,"name":"Occupied Cormorant perch","type":11,"category":0,"actions":[],"coordinates":[[5468,35906]],"size":[1,1,523],"rotations":[0],"colors":[7122329,6396809,8434380,6990537]},{"id":724,"name":"Standing torch","type":10,"category":0,"actions":[],"coordinates":[[5472,36086],[5472,36066]],"size":[1,1,523],"rotations":[0,0],"colors":[7122329,6396809,8434380,6990537]},{"id":8695,"name":"Door","type":0,"category":0,"actions":["Open"],"coordinates":[[5472,35894]],"size":[1,1,523],"rotations":[0],"colors":[7122329,6396809,8434380,6990537]},{"id":27769,"name":"Broken lobster trap","type":11,"category":0,"actions":[],"coordinates":[[5472,35886]],"size":[1,1,523],"rotations":[0],"colors":[7122329,6396809,8434380,6990537]},{"id":33614,"name":"Boaty","type":10,"category":0,"actions":["Board"],"coordinates":[[5476,35866],[5624,35982]],"size":[3,3,523],"rotations":[0,0],"colors":[7122329,6396809,8434380,6990537]},{"id":27227,"name":"Barrel","type":10,"category":0,"actions":[],"coordinates":[[5476,35886]],"size":[1,1,523],"rotations":[0],"colors":[7122329,6396809,8434380,6990537]},{"id":33612,"name":"Unoccupied Cormorant perch","type":10,"category":0,"actions":[],"coordinates":[[5480,35910]],"size":[1,1,523],"rotations":[0],"colors":[7122329,6396809,8434380,6990537]},{"id":27682,"name":"Chair","type":10,"category":0,"actions":[],"coordinates":[[5480,35898]],"size":[1,1,523],"rotations":[0],"colors":[7122329,6396809,8434380,6990537]},{"id":27768,"name":"Broken barrel","type":10,"category":0,"actions":[],"coordinates":[[5488,35878],[5496,35886]],"size":[1,1,523],"rotations":[0,0],"colors":[7122329,6396809,8434380,6990537]},{"id":27763,"name":"Broken boat","type":10,"category":0,"actions":[],"coordinates":[[5494,35878]],"size":[2,3,523],"rotations":[2],"colors":[7122329,6396809,8434380,6990537]},{"id":14174,"name":"Driftwood","type":10,"category":0,"actions":[],"coordinates":[[5502,35876]],"size":[2,2,523],"rotations":[0],"colors":[7122329,6396809,8434380,6990537]}]