[{"id":49755,"name":"Sewer exit","type":10,"category":1873,"actions":["Exit"],"coordinates":[[5392,33498]],"size":[1,1,523],"rotations":[0],"colors":[7122329,6396809,8434380,6990537]},{"id":49754,"name":"Sewer exit","type":10,"category":1873,"actions":["Exit"],"coordinates":[[5392,33494]],"size":[1,1,523],"rotations":[0],"colors":[7122329,6396809,8434380,6990537]},{"id":49753,"name":"Sewer exit","type":10,"category":1873,"actions":["Exit"],"coordinates":[[5392,33490]],"size":[1,1,523],"rotations":[0],"colors":[7122329,6396809,8434380,6990537]},{"id":49756,"name":"Sewer exit","type":10,"category":1873,"actions":["Exit"],"coordinates":[[5392,33486]],"size":[1,1,523],"rotations":[0],"colors":[7122329,6396809,8434380,6990537]},{"id":49757,"name":"Sewer exit","type":10,"category":1873,"actions":["Exit"],"coordinates":[[5392,33482]],"size":[1,1,523],"rotations":[0],"colors":[7122329,6396809,8434380,6990537]},{"id":49758,"name":"Sewer exit","type":10,"category":1873,"actions":["Exit"],"coordinates":[[5392,33478]],"size":[1,1,523],"rotations":[0],"colors":[7122329,6396809,8434380,6990537]}]