[{"id":46337,"name":"Rubble","type":10,"category":0,"actions":[],"coordinates":[[5676,11174],[5676,11142],[5676,11102],[5712,11182],[5720,11086],[5732,11182],[5744,11142],[5744,11098],[5828,11146],[5840,11126]],"size":[1,1,523],"rotations":[0,0,0,0,0,0,0,0,0,0],"colors":[7122329,6396809,8434380,6990537]},{"id":46417,"name":"Strange Vine","type":10,"category":0,"actions":[],"coordinates":[[5676,11170],[5688,11106],[5696,11086]],"size":[1,1,523],"rotations":[0,0,0],"colors":[7122329,6396809,8434380,6990537]},{"id":46415,"name":"Pillar","type":11,"category":0,"actions":[],"coordinates":[[5680,11178],[5680,11090],[5740,11178],[5740,11090]],"size":[1,1,523],"rotations":[0,0,0,0],"colors":[7122329,6396809,8434380,6990537]},{"id":46418,"name":"Strange Vine","type":10,"category":0,"actions":[],"coordinates":[[5686,11102],[5708,11120],[5742,11174],[5742,11138],[5744,11176]],"size":[2,1,523],"rotations":[0,1,2,2,3],"colors":[7122329,6396809,8434380,6990537]},{"id":46416,"name":"Strange Vine","type":10,"category":0,"actions":[],"coordinates":[[5702,11086]],"size":[2,1,523],"rotations":[0],"colors":[7122329,6396809,8434380,6990537]},{"id":46342,"name":"Vase","type":10,"category":0,"actions":[],"coordinates":[[5752,11166],[5756,11166],[5768,11102],[5772,11106]],"size":[1,1,523],"rotations":[0,0,0,0],"colors":[7122329,6396809,8434380,6990537]},{"id":46357,"name":"Stone table","type":10,"category":154,"actions":[],"coordinates":[[5754,11144]],"size":[2,2,523],"rotations":[0],"colors":[7122329,6396809,8434380,6990537]},{"id":46360,"name":"Stone table","type":10,"category":154,"actions":[],"coordinates":[[5754,11124]],"size":[2,2,523],"rotations":[0],"colors":[7122329,6396809,8434380,6990537]},{"id":46361,"name":"Stone table","type":10,"category":155,"actions":[],"coordinates":[[5752,11102]],"size":[1,1,523],"rotations":[0],"colors":[7122329,6396809,8434380,6990537]},{"id":46339,"name":"Stone chest","type":10,"category":0,"actions":[],"coordinates":[[5756,11102],[5772,11150]],"size":[1,1,523],"rotations":[0,0],"colors":[7122329,6396809,8434380,6990537]},{"id":46379,"name":"Stone table","type":10,"category":154,"actions":["Search"],"coordinates":[[5762,11166]],"size":[1,2,523],"rotations":[3],"colors":[7122329,6396809,8434380,6990537]},{"id":46341,"name":"Stone chest","type":10,"category":0,"actions":[],"coordinates":[[5768,11166]],"size":[1,1,523],"rotations":[0],"colors":[7122329,6396809,8434380,6990537]},{"id":46348,"name":"Stone table","type":10,"category":169,"actions":[],"coordinates":[[5772,11156]],"size":[1,2,523],"rotations":[0],"colors":[7122329,6396809,8434380,6990537]},{"id":46350,"name":"Stone table","type":10,"category":154,"actions":[],"coordinates":[[5772,11112]],"size":[1,2,523],"rotations":[2],"colors":[7122329,6396809,8434380,6990537]},{"id":46336,"name":"Rope","type":10,"category":0,"actions":["Climb-up"],"coordinates":[[5830,11134]],"size":[2,3,523],"rotations":[2],"colors":[7122329,6396809,8434380,6990537]}]