[{"id":55048,"name":"Crate","type":10,"category":0,"actions":[],"coordinates":[[5728,13182],[5736,13086],[5740,13082],[5748,13182],[5752,13178],[5784,13138],[5788,13142],[5788,13082]],"size":[1,1,523],"rotations":[0,0,0,0,0,0,0,0],"colors":[7122329,6396809,8434380,6990537]},{"id":54993,"name":"Wine storage","type":10,"category":0,"actions":[],"coordinates":[[5738,13174],[5738,13162],[5738,13150],[5746,13174],[5746,13162],[5746,13150],[5770,13166],[5770,13154],[5778,13166],[5778,13154]],"size":[3,2,523],"rotations":[1,1,1,3,3,3,1,1,3,3],"colors":[7122329,6396809,8434380,6990537]},{"id":54995,"name":"Wine storage","type":10,"category":0,"actions":[],"coordinates":[[5736,13114],[5736,13110],[5736,13070],[5736,13066],[5740,13066]],"size":[1,1,523],"rotations":[0,0,0,0,0],"colors":[7122329,6396809,8434380,6990537]},{"id":55049,"name":"Crates","type":11,"category":0,"actions":[],"coordinates":[[5736,13082],[5736,13078],[5752,13182],[5784,13086],[5788,13138],[5788,13126],[5788,13086]],"size":[1,1,523],"rotations":[0,0,0,0,0,0,0],"colors":[7122329,6396809,8434380,6990537]},{"id":54736,"name":"Fancy chest","type":10,"category":0,"actions":["Open"],"coordinates":[[5744,13182]],"size":[1,1,523],"rotations":[0],"colors":[7122329,6396809,8434380,6990537]},{"id":48187,"name":"Books","type":10,"category":0,"actions":[],"coordinates":[[5744,13066]],"size":[1,1,523],"rotations":[0],"colors":[7122329,6396809,8434380,6990537]},{"id":55035,"name":"Table","type":10,"category":154,"actions":[],"coordinates":[[5748,13072],[5858,13126]],"size":[2,1,523],"rotations":[3,0],"colors":[7122329,6396809,8434380,6990537]},{"id":55037,"name":"Stool","type":10,"category":0,"actions":[],"coordinates":[[5752,13082],[5756,13070],[5760,13074]],"size":[1,1,523],"rotations":[0,0,0],"colors":[7122329,6396809,8434380,6990537]},{"id":55033,"name":"Table","type":10,"category":156,"actions":[],"coordinates":[[5752,13072],[5768,13072]],"size":[2,1,523],"rotations":[3,3],"colors":[7122329,6396809,8434380,6990537]},{"id":54705,"name":"Antique wine","type":11,"category":0,"actions":[],"coordinates":[[5756,13174]],"size":[1,1,523],"rotations":[0],"colors":[7122329,6396809,8434380,6990537]},{"id":54711,"name":"Small box","type":10,"category":0,"actions":["Investigate"],"coordinates":[[5756,13146]],"size":[1,1,523],"rotations":[0],"colors":[7122329,6396809,8434380,6990537]},{"id":55036,"name":"Table","type":10,"category":154,"actions":[],"coordinates":[[5758,13082],[5764,13072]],"size":[2,1,523],"rotations":[2,1],"colors":[7122329,6396809,8434380,6990537]},{"id":55050,"name":"Barrel","type":10,"category":0,"actions":[],"coordinates":[[5772,13146],[5804,13154],[5804,13118],[5812,13078],[5812,13074],[5828,13154],[5828,13082]],"size":[1,1,523],"rotations":[0,0,0,0,0,0,0],"colors":[7122329,6396809,8434380,6990537]},{"id":54708,"name":"Jug","type":10,"category":0,"actions":["Investigate"],"coordinates":[[5780,13086]],"size":[1,1,523],"rotations":[0],"colors":[7122329,6396809,8434380,6990537]},{"id":54712,"name":"Broken stool","type":10,"category":0,"actions":["Investigate"],"coordinates":[[5784,13170]],"size":[1,1,523],"rotations":[0],"colors":[7122329,6396809,8434380,6990537]},{"id":54716,"name":"Stairs","type":10,"category":0,"actions":["Climb-up"],"coordinates":[[5792,13076]],"size":[2,3,523],"rotations":[1],"colors":[7122329,6396809,8434380,6990537]},{"id":55051,"name":"Wine barrel","type":10,"category":0,"actions":[],"coordinates":[[5806,13148],[5806,13140],[5806,13132],[5806,13124],[5814,13152],[5818,13076],[5826,13148],[5826,13140],[5826,13132],[5826,13124],[5826,13076]],"size":[2,2,523],"rotations":[0,0,0,0,0,0,0,0,0,0,0],"colors":[7122329,6396809,8434380,6990537]},{"id":54710,"name":"Wine storage","type":10,"category":0,"actions":["Investigate"],"coordinates":[[5804,13090]],"size":[1,1,523],"rotations":[0],"colors":[7122329,6396809,8434380,6990537]},{"id":54709,"name":"Broken pottery","type":10,"category":0,"actions":["Investigate"],"coordinates":[[5824,13118]],"size":[1,1,523],"rotations":[0],"colors":[7122329,6396809,8434380,6990537]},{"id":55027,"name":"Bookshelf","type":10,"category":205,"actions":[],"coordinates":[[5832,13110],[5832,13102],[5844,13098]],"size":[1,1,523],"rotations":[0,0,0],"colors":[7122329,6396809,8434380,6990537]},{"id":54729,"name":"Bookshelf","type":10,"category":205,"actions":[],"coordinates":[[5832,13106],[5844,13106]],"size":[1,1,523],"rotations":[0,0],"colors":[7122329,6396809,8434380,6990537]},{"id":55023,"name":"Bookshelf","type":10,"category":205,"actions":[],"coordinates":[[5832,13098],[5844,13110],[5844,13102]],"size":[1,1,523],"rotations":[0,0,0],"colors":[7122329,6396809,8434380,6990537]},{"id":41653,"name":"Sofa","type":10,"category":0,"actions":[],"coordinates":[[5848,13124],[5854,13118],[5862,13118]],"size":[2,1,523],"rotations":[3,0,0],"colors":[7122329,6396809,8434380,6990537]},{"id":48166,"name":"Hat stand","type":10,"category":153,"actions":[],"coordinates":[[5848,13118],[5876,13130]],"size":[1,1,523],"rotations":[0,0],"colors":[7122329,6396809,8434380,6990537]},{"id":55022,"name":"Costume rack","type":10,"category":0,"actions":[],"coordinates":[[5848,13088],[5848,13080],[5866,13078]],"size":[2,1,523],"rotations":[3,3,0],"colors":[7122329,6396809,8434380,6990537]},{"id":55056,"name":"Privacy screen","type":10,"category":0,"actions":[],"coordinates":[[5858,13098],[5862,13098],[5866,13098],[5870,13098],[5874,13098]],"size":[1,2,523],"rotations":[3,3,3,3,3],"colors":[7122329,6396809,8434380,6990537]},{"id":55019,"name":"Costume rack","type":10,"category":0,"actions":[],"coordinates":[[5856,13088]],"size":[2,1,523],"rotations":[1],"colors":[7122329,6396809,8434380,6990537]},{"id":54719,"name":"Costume rack","type":10,"category":0,"actions":[],"coordinates":[[5856,13080]],"size":[2,1,523],"rotations":[1],"colors":[7122329,6396809,8434380,6990537]},{"id":55058,"name":"Mirror","type":10,"category":0,"actions":[],"coordinates":[[5860,13078]],"size":[1,1,523],"rotations":[0],"colors":[7122329,6396809,8434380,6990537]},{"id":55057,"name":"Chair","type":10,"category":0,"actions":[],"coordinates":[[5872,13092],[5872,13084]],"size":[2,1,523],"rotations":[3,3],"colors":[7122329,6396809,8434380,6990537]},{"id":54717,"name":"Stairs","type":10,"category":0,"actions":["Climb-up"],"coordinates":[[5880,13120]],"size":[2,3,523],"rotations":[1],"colors":[7122329,6396809,8434380,6990537]},{"id":54732,"name":"Crate","type":10,"category":0,"actions":[],"coordinates":[[5876,13110]],"size":[1,1,523],"rotations":[0],"colors":[7122329,6396809,8434380,6990537]},{"id":54985,"name":"Plant pot","type":10,"category":0,"actions":[],"coordinates":[[5876,13106]],"size":[1,1,523],"rotations":[0],"colors":[7122329,6396809,8434380,6990537]},{"id":55059,"name":"Vanity","type":10,"category":0,"actions":[],"coordinates":[[5876,13092],[5876,13084]],"size":[2,1,523],"rotations":[1,1],"colors":[7122329,6396809,8434380,6990537]},{"id":55041,"name":"Wardrobe","type":10,"category":0,"actions":[],"coordinates":[[5876,13078]],"size":[1,1,523],"rotations":[0],"colors":[7122329,6396809,8434380,6990537]}]