[{"id":51372,"name":"Statue","type":10,"category":0,"actions":["Use"],"coordinates":[[5644,11902]],"size":[3,3,523],"rotations":[0],"colors":[7122329,6396809,8434380,6990537]},{"id":51343,"name":"Brazier","type":10,"category":0,"actions":[],"coordinates":[[5644,11914],[5644,11890]],"size":[1,1,523],"rotations":[0,0],"colors":[7122329,6396809,8434380,6990537]},{"id":51429,"name":"Ancient fountainhead","type":10,"category":1931,"actions":[],"coordinates":[[5656,11916],[5656,11888]],"size":[2,3,523],"rotations":[1,3],"colors":[7122329,6396809,8434380,6990537]},{"id":51377,"name":"Entrance","type":10,"category":0,"actions":["Pass-through"],"coordinates":[[5680,11902],[5760,11826],[5836,11902]],"size":[3,3,523],"rotations":[0,0,0],"colors":[7122329,6396809,8434380,6990537]},{"id":51427,"name":"Ancient fountainhead","type":10,"category":244,"actions":[],"coordinates":[[5746,11802],[5774,11802]],"size":[2,3,523],"rotations":[2,0],"colors":[7122329,6396809,8434380,6990537]},{"id":51344,"name":"Brazier","type":10,"category":0,"actions":[],"coordinates":[[5748,11790],[5772,11790]],"size":[1,1,523],"rotations":[0,0],"colors":[7122329,6396809,8434380,6990537]},{"id":51375,"name":"Entrance","type":10,"category":0,"actions":["Pass-through"],"coordinates":[[5758,12028]],"size":[2,2,523],"rotations":[0],"colors":[7122329,6396809,8434380,6990537]},{"id":51373,"name":"Statue","type":10,"category":0,"actions":["Use"],"coordinates":[[5760,11790]],"size":[3,3,523],"rotations":[0],"colors":[7122329,6396809,8434380,6990537]},{"id":51431,"name":"Ancient fountainhead","type":10,"category":1931,"actions":[],"coordinates":[[5860,11916],[5860,11888]],"size":[2,3,523],"rotations":[1,3],"colors":[7122329,6396809,8434380,6990537]},{"id":51374,"name":"Statue","type":10,"category":0,"actions":["Use"],"coordinates":[[5872,11902]],"size":[3,3,523],"rotations":[0],"colors":[7122329,6396809,8434380,6990537]},{"id":51345,"name":"Brazier","type":10,"category":0,"actions":[],"coordinates":[[5872,11914],[5872,11890]],"size":[1,1,523],"rotations":[0,0],"colors":[7122329,6396809,8434380,6990537]}]