[{"id":57634,"name":"Entry","type":10,"category":0,"actions":[],"coordinates":[[5940,12272],[5952,12196]],"size":[2,3,523],"rotations":[1,3],"colors":[7122329,6396809,8434380,6990537]},{"id":51377,"name":"Entrance","type":10,"category":0,"actions":["Pass-through"],"coordinates":[[5976,12110],[6052,12186],[6052,12038]],"size":[3,3,523],"rotations":[0,0,0],"colors":[7122329,6396809,8434380,6990537]},{"id":51311,"name":"Statue","type":11,"category":0,"actions":[],"coordinates":[[6032,12126]],"size":[3,3,523],"rotations":[0],"colors":[7122329,6396809,8434380,6990537]},{"id":51310,"name":"Statue","type":11,"category":0,"actions":[],"coordinates":[[6032,12094]],"size":[3,3,523],"rotations":[0],"colors":[7122329,6396809,8434380,6990537]},{"id":51346,"name":"Lunar Chest","type":10,"category":0,"actions":["Claim"],"coordinates":[[6052,12110]],"size":[3,3,523],"rotations":[0],"colors":[7122329,6396809,8434380,6990537]},{"id":51309,"name":"Statue","type":10,"category":0,"actions":[],"coordinates":[[6076,12110]],"size":[3,3,523],"rotations":[0],"colors":[7122329,6396809,8434380,6990537]}]