[{"id":56359,"name":"Infernal shale rocks","type":10,"category":0,"actions":["Mine"],"coordinates":[[5888,10038],[5892,10042]],"size":[1,1,523],"rotations":[0,0],"colors":[7122329,6396809,8434380,6990537]},{"id":56366,"name":"Furnace","type":10,"category":0,"actions":["Smelt"],"coordinates":[[5894,10058]],"size":[2,3,523],"rotations":[2],"colors":[7122329,6396809,8434380,6990537]},{"id":56368,"name":"Anvil","type":10,"category":0,"actions":["Smith"],"coordinates":[[5892,10050]],"size":[1,1,523],"rotations":[0],"colors":[7122329,6396809,8434380,6990537]},{"id":56360,"name":"Infernal shale rocks","type":10,"category":0,"actions":["Mine"],"coordinates":[[5892,10046]],"size":[1,1,523],"rotations":[0],"colors":[7122329,6396809,8434380,6990537]},{"id":56266,"name":"Pile of skulls","type":10,"category":0,"actions":[],"coordinates":[[5954,10144]],"size":[4,2,523],"rotations":[3],"colors":[7122329,6396809,8434380,6990537]},{"id":56324,"name":"Skulls","type":10,"category":0,"actions":[],"coordinates":[[5960,10138],[5960,10094],[6064,10098]],"size":[1,1,523],"rotations":[0,0,0],"colors":[7122329,6396809,8434380,6990537]},{"id":56322,"name":"Pillar","type":10,"category":0,"actions":[],"coordinates":[[5972,10078],[6052,10078]],"size":[3,3,523],"rotations":[0,0],"colors":[7122329,6396809,8434380,6990537]},{"id":56321,"name":"Pillar","type":10,"category":0,"actions":[],"coordinates":[[5976,10066],[6048,10066]],"size":[3,3,523],"rotations":[0,0],"colors":[7122329,6396809,8434380,6990537]},{"id":56320,"name":"Pillar","type":10,"category":0,"actions":[],"coordinates":[[5980,10054],[6044,10054]],"size":[3,3,523],"rotations":[0,0],"colors":[7122329,6396809,8434380,6990537]},{"id":56319,"name":"Pillar","type":11,"category":0,"actions":[],"coordinates":[[5992,10046],[6032,10046]],"size":[3,3,523],"rotations":[0,0],"colors":[7122329,6396809,8434380,6990537]},{"id":56327,"name":"Fire","type":10,"category":0,"actions":[],"coordinates":[[5992,10062],[6032,10062]],"size":[1,1,523],"rotations":[0,0],"colors":[7122329,6396809,8434380,6990537]},{"id":56265,"name":"Yama's throne","type":10,"category":0,"actions":[],"coordinates":[[6012,10062]],"size":[9,5,523],"rotations":[0],"colors":[7122329,6396809,8434380,6990537]},{"id":56326,"name":"Fire","type":10,"category":0,"actions":[],"coordinates":[[6002,10048],[6022,10048]],"size":[2,2,523],"rotations":[0,0],"colors":[7122329,6396809,8434380,6990537]},{"id":56248,"name":"Stone pedestal","type":10,"category":0,"actions":[],"coordinates":[[6004,10222],[6020,10222]],"size":[1,1,523],"rotations":[0,0],"colors":[7122329,6396809,8434380,6990537]},{"id":56328,"name":"Fire","type":10,"category":0,"actions":[],"coordinates":[[6012,10042]],"size":[3,3,523],"rotations":[0],"colors":[7122329,6396809,8434380,6990537]},{"id":56273,"name":"Pile of skulls","type":10,"category":0,"actions":[],"coordinates":[[6062,10124]],"size":[4,2,523],"rotations":[3],"colors":[7122329,6396809,8434380,6990537]}]