[{"id":52579,"name":"Book","type":22,"category":0,"actions":[],"coordinates":[[5892,38690],[5896,38714]],"size":[1,1,523],"rotations":[0,0],"colors":[7122329,6396809,8434380,6990537]},{"id":54722,"name":"Loose rocks","type":22,"category":0,"actions":["Navigate"],"coordinates":[[5896,38738]],"size":[1,1,523],"rotations":[0],"colors":[7122329,6396809,8434380,6990537]},{"id":54990,"name":"Tree","type":10,"category":0,"actions":[],"coordinates":[[5900,38710],[5900,38682]],"size":[1,1,523],"rotations":[0,0],"colors":[7122329,6396809,8434380,6990537]},{"id":1393,"name":"Plant","type":10,"category":0,"actions":[],"coordinates":[[5904,38746],[5904,38666],[5916,38738]],"size":[1,1,523],"rotations":[0,0,0],"colors":[7122329,6396809,8434380,6990537]},{"id":1391,"name":"Plant","type":10,"category":0,"actions":[],"coordinates":[[5906,38672]],"size":[2,2,523],"rotations":[0],"colors":[7122329,6396809,8434380,6990537]},{"id":54715,"name":"Backstage entrance","type":10,"category":0,"actions":["Enter"],"coordinates":[[5912,38720]],"size":[2,3,523],"rotations":[3],"colors":[7122329,6396809,8434380,6990537]}]