[{"id":11428,"name":"Rockslide","type":10,"category":0,"actions":[],"coordinates":[[5890,35076],[5898,35084],[5906,35084],[5906,35076],[5998,35112],[5998,35096],[5998,35088],[6006,35112],[6022,35108],[6022,35100],[6090,35080],[6106,35072],[6130,35088],[6138,35072],[6142,35084]],"size":[2,2,523],"rotations":[0,0,0,0,0,0,0,0,0,0,0,0,0,0,0],"colors":[7122329,6396809,8434380,6990537]},{"id":11365,"name":"Iron rocks","type":10,"category":218,"actions":["Mine"],"coordinates":[[5896,35314]],"size":[1,1,523],"rotations":[0],"colors":[7122329,6396809,8434380,6990537]},{"id":11427,"name":"Rockslide","type":10,"category":0,"actions":[],"coordinates":[[5898,35076],[6094,35120],[6094,35112]],"size":[2,2,523],"rotations":[0,0,0],"colors":[7122329,6396809,8434380,6990537]},{"id":11366,"name":"Coal rocks","type":10,"category":200,"actions":["Mine"],"coordinates":[[5900,35322],[5908,35302],[5916,35310]],"size":[1,1,523],"rotations":[0,0,0],"colors":[7122329,6396809,8434380,6990537]},{"id":11364,"name":"Iron rocks","type":10,"category":218,"actions":["Mine"],"coordinates":[[5900,35318],[5900,35310]],"size":[1,1,523],"rotations":[0,0],"colors":[7122329,6396809,8434380,6990537]},{"id":11372,"name":"Mithril rocks","type":10,"category":252,"actions":["Mine"],"coordinates":[[5908,35314]],"size":[1,1,523],"rotations":[0],"colors":[7122329,6396809,8434380,6990537]},{"id":11367,"name":"Coal rocks","type":10,"category":200,"actions":["Mine"],"coordinates":[[5912,35326],[5916,35314],[5916,35306]],"size":[1,1,523],"rotations":[0,0,0],"colors":[7122329,6396809,8434380,6990537]},{"id":28521,"name":"Sleeping bag","type":10,"category":0,"actions":[],"coordinates":[[5938,35112],[5942,35112]],"size":[2,2,523],"rotations":[0,0],"colors":[7122329,6396809,8434380,6990537]},{"id":28538,"name":"Sink","type":10,"category":175,"actions":[],"coordinates":[[5938,35086]],"size":[2,1,523],"rotations":[2],"colors":[7122329,6396809,8434380,6990537]},{"id":28535,"name":"Drawers","type":10,"category":0,"actions":[],"coordinates":[[5944,35086]],"size":[1,1,523],"rotations":[0],"colors":[7122329,6396809,8434380,6990537]},{"id":28479,"name":"Door","type":0,"category":908,"actions":["Open"],"coordinates":[[5956,35094],[6052,35102]],"size":[1,1,523],"rotations":[0,0],"colors":[7122329,6396809,8434380,6990537]},{"id":11431,"name":"Rockslide","type":10,"category":0,"actions":[],"coordinates":[[5978,35084],[5986,35084],[6010,35084],[6018,35084]],"size":[2,2,523],"rotations":[0,0,0,0],"colors":[7122329,6396809,8434380,6990537]},{"id":28562,"name":"Lovakite furnace","type":10,"category":0,"actions":["Smelt"],"coordinates":[[6016,35182]],"size":[5,5,523],"rotations":[0],"colors":[7122329,6396809,8434380,6990537]},{"id":28528,"name":"Velvet stool","type":10,"category":0,"actions":[],"coordinates":[[6056,35082],[6060,35090],[6064,35086]],"size":[1,1,523],"rotations":[0,0,0],"colors":[7122329,6396809,8434380,6990537]},{"id":28524,"name":"Work table","type":10,"category":157,"actions":[],"coordinates":[[6062,35108],[6074,35108]],"size":[2,2,523],"rotations":[0,0],"colors":[7122329,6396809,8434380,6990537]},{"id":28525,"name":"Small table","type":10,"category":155,"actions":[],"coordinates":[[6060,35086]],"size":[1,1,523],"rotations":[0],"colors":[7122329,6396809,8434380,6990537]},{"id":28527,"name":"Velvet stool","type":11,"category":0,"actions":[],"coordinates":[[6072,35102]],"size":[1,1,523],"rotations":[0],"colors":[7122329,6396809,8434380,6990537]},{"id":28539,"name":"Metal ladder","type":10,"category":664,"actions":["Climb"],"coordinates":[[6072,35086]],"size":[1,1,523],"rotations":[0],"colors":[7122329,6396809,8434380,6990537]},{"id":28529,"name":"Chair","type":11,"category":0,"actions":[],"coordinates":[[6076,35102]],"size":[1,1,523],"rotations":[0],"colors":[7122329,6396809,8434380,6990537]},{"id":28560,"name":"Armour stand","type":10,"category":0,"actions":[],"coordinates":[[6080,35086]],"size":[1,1,523],"rotations":[0],"colors":[7122329,6396809,8434380,6990537]},{"id":28559,"name":"Armour stand","type":10,"category":0,"actions":[],"coordinates":[[6080,35082]],"size":[1,1,523],"rotations":[0],"colors":[7122329,6396809,8434380,6990537]},{"id":11426,"name":"Rockslide","type":10,"category":0,"actions":[],"coordinates":[[6086,35120],[6090,35104],[6090,35088],[6094,35096],[6102,35084],[6110,35088],[6118,35084],[6126,35080],[6134,35096]],"size":[2,2,523],"rotations":[0,0,0,0,0,0,0,0,0],"colors":[7122329,6396809,8434380,6990537]},{"id":28564,"name":"Ornamental anvil","type":11,"category":0,"actions":[],"coordinates":[[6104,35098]],"size":[1,1,523],"rotations":[0],"colors":[7122329,6396809,8434380,6990537]},{"id":28563,"name":"Anvil","type":10,"category":772,"actions":["Smith"],"coordinates":[[6108,35114],[6116,35102],[6120,35114]],"size":[1,1,523],"rotations":[0,0,0],"colors":[7122329,6396809,8434380,6990537]}]