[{"id":1332,"name":"Tree","type":10,"category":189,"actions":["Chop down"],"coordinates":[[5892,34758],[5912,34734],[6064,34774],[6068,34734]],"size":[3,3,523],"rotations":[0,0,0,0],"colors":[7122329,6396809,8434380,6990537]},{"id":1330,"name":"Tree","type":10,"category":189,"actions":["Chop down"],"coordinates":[[6032,34738],[6072,34758]],"size":[3,3,523],"rotations":[0,0],"colors":[7122329,6396809,8434380,6990537]},{"id":1331,"name":"Tree","type":10,"category":189,"actions":["Chop down"],"coordinates":[[6036,34778],[6052,34726]],"size":[3,3,523],"rotations":[0,0],"colors":[7122329,6396809,8434380,6990537]}]