[{"id":58078,"name":"Drawers","type":10,"category":0,"actions":[],"coordinates":[[6010,31898]],"size":[2,1,523],"rotations":[2],"colors":[7122329,6396809,8434380,6990537]},{"id":58064,"name":"Door","type":0,"category":1760,"actions":["Open"],"coordinates":[[6008,31882],[6008,31850],[6016,31850]],"size":[1,1,523],"rotations":[0,0,0],"colors":[7122329,6396809,8434380,6990537]},{"id":9534,"name":"Crate","type":10,"category":209,"actions":["Search"],"coordinates":[[6008,31842]],"size":[1,1,523],"rotations":[0],"colors":[7122329,6396809,8434380,6990537]},{"id":9535,"name":"Crates","type":11,"category":2307,"actions":["Search"],"coordinates":[[6008,31838]],"size":[1,1,523],"rotations":[0],"colors":[7122329,6396809,8434380,6990537]},{"id":7188,"name":"Bed","type":10,"category":0,"actions":[],"coordinates":[[6014,31888]],"size":[2,2,523],"rotations":[0],"colors":[7122329,6396809,8434380,6990537]},{"id":58533,"name":"Table","type":10,"category":157,"actions":[],"coordinates":[[6014,31872]],"size":[2,2,523],"rotations":[0],"colors":[7122329,6396809,8434380,6990537]},{"id":58027,"name":"Ladder","type":10,"category":0,"actions":["Climb-up"],"coordinates":[[6012,31858]],"size":[1,1,523],"rotations":[0],"colors":[7122329,6396809,8434380,6990537]},{"id":9329,"name":"Wardrobe","type":10,"category":0,"actions":[],"coordinates":[[6012,31846]],"size":[1,1,523],"rotations":[0],"colors":[7122329,6396809,8434380,6990537]},{"id":14856,"name":"Bunk bed","type":10,"category":0,"actions":[],"coordinates":[[6012,31836]],"size":[1,2,523],"rotations":[0],"colors":[7122329,6396809,8434380,6990537]},{"id":59905,"name":"Figurehead","type":10,"category":0,"actions":[],"coordinates":[[6012,31830]],"size":[1,1,523],"rotations":[0],"colors":[7122329,6396809,8434380,6990537]},{"id":58038,"name":"Closed chest","type":10,"category":0,"actions":["Open"],"coordinates":[[6016,31898]],"size":[1,1,523],"rotations":[0],"colors":[7122329,6396809,8434380,6990537]},{"id":58082,"name":"Shelves","type":10,"category":0,"actions":[],"coordinates":[[6016,31878]],"size":[1,1,523],"rotations":[0],"colors":[7122329,6396809,8434380,6990537]},{"id":55037,"name":"Stool","type":10,"category":0,"actions":[],"coordinates":[[6016,31838]],"size":[1,1,523],"rotations":[0],"colors":[7122329,6396809,8434380,6990537]}]