[{"id":58208,"name":"Wreck","type":10,"category":0,"actions":[],"coordinates":[[5982,32400]],"size":[2,2,523],"rotations":[0],"colors":[7122329,6396809,8434380,6990537]},{"id":9734,"name":"Oak tree","type":10,"category":0,"actions":["Chop down"],"coordinates":[[6056,32306],[6064,32298],[6068,32314],[6116,32274],[6128,32282]],"size":[3,3,523],"rotations":[0,0,0,0,0],"colors":[7122329,6396809,8434380,6990537]},{"id":9730,"name":"Tree","type":10,"category":0,"actions":["Chop down"],"coordinates":[[6058,32316],[6066,32284],[6082,32316]],"size":[2,2,523],"rotations":[0,0,0],"colors":[7122329,6396809,8434380,6990537]},{"id":59287,"name":"Wreck of the Salty Grouper","type":10,"category":2317,"actions":["Chart"],"coordinates":[[6076,32336]],"size":[3,2,523],"rotations":[0],"colors":[7122329,6396809,8434380,6990537]},{"id":1394,"name":"Plant","type":10,"category":0,"actions":[],"coordinates":[[6122,32260],[6138,32268],[6138,32260]],"size":[2,2,523],"rotations":[0,0,0],"colors":[7122329,6396809,8434380,6990537]},{"id":59905,"name":"Figurehead","type":10,"category":0,"actions":[],"coordinates":[[6136,32502]],"size":[1,1,523],"rotations":[0],"colors":[7122329,6396809,8434380,6990537]}]