[{"id":41600,"name":"Gate","type":0,"category":0,"actions":["Open"],"coordinates":[[6244,10618]],"size":[1,1,523],"rotations":[0],"colors":[7122329,6396809,8434380,6990537]},{"id":41604,"name":"Barrel","type":10,"category":0,"actions":[],"coordinates":[[6248,10610],[6268,10634],[6280,10610]],"size":[1,1,523],"rotations":[0,0,0],"colors":[7122329,6396809,8434380,6990537]},{"id":41917,"name":"Ladder","type":10,"category":0,"actions":["Climb-up"],"coordinates":[[6256,10634]],"size":[1,1,523],"rotations":[0],"colors":[7122329,6396809,8434380,6990537]},{"id":11893,"name":"Bookcase","type":10,"category":0,"actions":[],"coordinates":[[6256,10602]],"size":[1,1,523],"rotations":[0],"colors":[7122329,6396809,8434380,6990537]},{"id":41607,"name":"Table","type":10,"category":0,"actions":[],"coordinates":[[6264,10618]],"size":[3,3,523],"rotations":[0],"colors":[7122329,6396809,8434380,6990537]},{"id":7482,"name":"Stool","type":11,"category":0,"actions":[],"coordinates":[[6264,10634]],"size":[1,1,523],"rotations":[0],"colors":[7122329,6396809,8434380,6990537]},{"id":14849,"name":"Chair","type":10,"category":0,"actions":[],"coordinates":[[6264,10602],[6280,10622]],"size":[1,1,523],"rotations":[0,0],"colors":[7122329,6396809,8434380,6990537]},{"id":41421,"name":"Crate","type":10,"category":0,"actions":[],"coordinates":[[6268,10602],[6276,10630]],"size":[1,1,523],"rotations":[0,0],"colors":[7122329,6396809,8434380,6990537]},{"id":41420,"name":"Crates","type":10,"category":0,"actions":[],"coordinates":[[6272,10634],[6272,10602]],"size":[1,1,523],"rotations":[0,0],"colors":[7122329,6396809,8434380,6990537]},{"id":11894,"name":"Bookcase","type":10,"category":0,"actions":[],"coordinates":[[6280,10616]],"size":[1,2,523],"rotations":[2],"colors":[7122329,6396809,8434380,6990537]}]