[{"id":54578,"name":"Ice chunks","type":10,"category":0,"actions":[],"coordinates":[[6294,11984],[6314,11808],[6374,11844],[6378,11936]],"size":[2,2,523],"rotations":[0,0,0,0],"colors":[7122329,6396809,8434380,6990537]},{"id":54581,"name":"Ice chunks","type":10,"category":0,"actions":[],"coordinates":[[6318,11816],[6350,11948]],"size":[2,2,523],"rotations":[0,0],"colors":[7122329,6396809,8434380,6990537]},{"id":11377,"name":"Runite rocks","type":10,"category":202,"actions":["Mine"],"coordinates":[[6324,11794]],"size":[1,1,523],"rotations":[0],"colors":[7122329,6396809,8434380,6990537]},{"id":11376,"name":"Runite rocks","type":10,"category":202,"actions":["Mine"],"coordinates":[[6328,11790]],"size":[1,1,523],"rotations":[0],"colors":[7122329,6396809,8434380,6990537]},{"id":54572,"name":"Ice chunks","type":10,"category":0,"actions":[],"coordinates":[[6342,11792],[6394,11828]],"size":[2,2,523],"rotations":[0,0],"colors":[7122329,6396809,8434380,6990537]},{"id":54579,"name":"Ice chunks","type":10,"category":0,"actions":[],"coordinates":[[6346,11956]],"size":[2,2,523],"rotations":[0],"colors":[7122329,6396809,8434380,6990537]},{"id":54574,"name":"Ice chunks","type":10,"category":0,"actions":[],"coordinates":[[6350,11792],[6398,11832]],"size":[2,2,523],"rotations":[0,0],"colors":[7122329,6396809,8434380,6990537]}]