[{"id":11426,"name":"Rockslide","type":10,"category":0,"actions":[],"coordinates":[[6146,35076],[6150,35104],[6158,35092],[6174,35072],[6194,35084]],"size":[2,2,523],"rotations":[0,0,0,0,0],"colors":[7122329,6396809,8434380,6990537]},{"id":28479,"name":"Door","type":0,"category":908,"actions":["Open"],"coordinates":[[6148,35198],[6168,35298],[6208,35302],[6212,35234]],"size":[1,1,523],"rotations":[0,0,0,0],"colors":[7122329,6396809,8434380,6990537]},{"id":11428,"name":"Rockslide","type":10,"category":0,"actions":[],"coordinates":[[6150,35088],[6158,35104],[6186,35088],[6194,35104]],"size":[2,2,523],"rotations":[0,0,0,0],"colors":[7122329,6396809,8434380,6990537]},{"id":11427,"name":"Rockslide","type":10,"category":0,"actions":[],"coordinates":[[6154,35080],[6174,35096],[6186,35072],[6198,35096],[6214,35080]],"size":[2,2,523],"rotations":[0,0,0,0,0],"colors":[7122329,6396809,8434380,6990537]},{"id":28536,"name":"Drawers","type":10,"category":0,"actions":[],"coordinates":[[6160,35308]],"size":[2,1,523],"rotations":[3],"colors":[7122329,6396809,8434380,6990537]},{"id":28535,"name":"Drawers","type":10,"category":0,"actions":[],"coordinates":[[6160,35302],[6192,35210],[6192,35186]],"size":[1,1,523],"rotations":[0,0,0],"colors":[7122329,6396809,8434380,6990537]},{"id":28567,"name":"Church pew","type":10,"category":0,"actions":[],"coordinates":[[6160,35206],[6160,35190],[6168,35206],[6168,35190],[6176,35206],[6176,35190]],"size":[3,1,523],"rotations":[3,3,3,3,3,3],"colors":[7122329,6396809,8434380,6990537]},{"id":11431,"name":"Rockslide","type":10,"category":0,"actions":[],"coordinates":[[6162,35084],[6178,35080],[6186,35104],[6198,35076],[6206,35088],[6222,35072]],"size":[2,2,523],"rotations":[0,0,0,0,0,0],"colors":[7122329,6396809,8434380,6990537]},{"id":28526,"name":"Wheely table","type":10,"category":155,"actions":[],"coordinates":[[6176,35302]],"size":[1,1,523],"rotations":[0],"colors":[7122329,6396809,8434380,6990537]},{"id":28539,"name":"Metal ladder","type":10,"category":664,"actions":["Climb"],"coordinates":[[6184,35310],[6228,35254],[6232,35286]],"size":[1,1,523],"rotations":[0,0,0],"colors":[7122329,6396809,8434380,6990537]},{"id":28538,"name":"Sink","type":10,"category":175,"actions":[],"coordinates":[[6186,35302],[6212,35308]],"size":[2,1,523],"rotations":[0,3],"colors":[7122329,6396809,8434380,6990537]},{"id":28566,"name":"Altar","type":10,"category":897,"actions":["Pray"],"coordinates":[[6188,35198]],"size":[3,1,523],"rotations":[1],"colors":[7122329,6396809,8434380,6990537]},{"id":28559,"name":"Armour stand","type":10,"category":0,"actions":[],"coordinates":[[6204,35254],[6208,35254]],"size":[1,1,523],"rotations":[0,0],"colors":[7122329,6396809,8434380,6990537]},{"id":28525,"name":"Small table","type":10,"category":155,"actions":[],"coordinates":[[6204,35246]],"size":[1,1,523],"rotations":[0],"colors":[7122329,6396809,8434380,6990537]},{"id":28528,"name":"Velvet stool","type":10,"category":0,"actions":[],"coordinates":[[6208,35246],[6224,35250],[6224,35246]],"size":[1,1,523],"rotations":[0,0,0],"colors":[7122329,6396809,8434380,6990537]},{"id":28537,"name":"Drawers","type":10,"category":0,"actions":[],"coordinates":[[6212,35284]],"size":[2,1,523],"rotations":[3],"colors":[7122329,6396809,8434380,6990537]},{"id":28530,"name":"Wooden chair","type":10,"category":0,"actions":[],"coordinates":[[6224,35310],[6224,35302],[6228,35298],[6236,35298]],"size":[1,1,523],"rotations":[0,0,0,0],"colors":[7122329,6396809,8434380,6990537]},{"id":28531,"name":"Velvet round chair","type":10,"category":0,"actions":[],"coordinates":[[6224,35282],[6232,35282]],"size":[1,1,523],"rotations":[0,0],"colors":[7122329,6396809,8434380,6990537]},{"id":28564,"name":"Ornamental anvil","type":10,"category":0,"actions":[],"coordinates":[[6224,35238]],"size":[1,1,523],"rotations":[0],"colors":[7122329,6396809,8434380,6990537]},{"id":28523,"name":"Table","type":10,"category":154,"actions":[],"coordinates":[[6232,35306]],"size":[3,3,523],"rotations":[0],"colors":[7122329,6396809,8434380,6990537]},{"id":28524,"name":"Work table","type":10,"category":157,"actions":[],"coordinates":[[6230,35248]],"size":[2,2,523],"rotations":[0],"colors":[7122329,6396809,8434380,6990537]},{"id":10354,"name":"Boulder","type":22,"category":0,"actions":[],"coordinates":[[6252,35266]],"size":[1,1,523],"rotations":[0],"colors":[7122329,6396809,8434380,6990537]},{"id":28363,"name":"Table","type":10,"category":154,"actions":[],"coordinates":[[6258,35152]],"size":[6,2,523],"rotations":[1],"colors":[7122329,6396809,8434380,6990537]},{"id":28367,"name":"Table","type":10,"category":154,"actions":[],"coordinates":[[6274,35164]],"size":[2,2,523],"rotations":[0],"colors":[7122329,6396809,8434380,6990537]},{"id":28365,"name":"Table","type":10,"category":154,"actions":[],"coordinates":[[6274,35140],[6338,35172],[6378,35140]],"size":[2,2,523],"rotations":[0,0,0],"colors":[7122329,6396809,8434380,6990537]},{"id":28368,"name":"Table","type":10,"category":154,"actions":[],"coordinates":[[6282,35188],[6310,35124]],"size":[2,2,523],"rotations":[0,0],"colors":[7122329,6396809,8434380,6990537]},{"id":28411,"name":"Table","type":10,"category":154,"actions":[],"coordinates":[[6280,35130]],"size":[3,1,523],"rotations":[3],"colors":[7122329,6396809,8434380,6990537]},{"id":28366,"name":"Table","type":10,"category":154,"actions":[],"coordinates":[[6282,35116],[6310,35180],[6338,35132],[6378,35164]],"size":[2,2,523],"rotations":[0,0,0,0],"colors":[7122329,6396809,8434380,6990537]},{"id":28425,"name":"Shelf","type":10,"category":0,"actions":[],"coordinates":[[6292,35190],[6304,35218],[6356,35182]],"size":[1,1,523],"rotations":[0,0,0],"colors":[7122329,6396809,8434380,6990537]},{"id":28422,"name":"Shelf","type":10,"category":0,"actions":[],"coordinates":[[6292,35114],[6304,35214],[6320,35086],[6356,35130]],"size":[1,1,523],"rotations":[0,0,0,0],"colors":[7122329,6396809,8434380,6990537]},{"id":28426,"name":"Table","type":10,"category":154,"actions":[],"coordinates":[[6310,35164],[6330,35096]],"size":[6,2,523],"rotations":[2,3],"colors":[7122329,6396809,8434380,6990537]},{"id":28428,"name":"Table","type":10,"category":154,"actions":[],"coordinates":[[6310,35140]],"size":[6,2,523],"rotations":[2],"colors":[7122329,6396809,8434380,6990537]},{"id":28423,"name":"Shelf","type":10,"category":0,"actions":[],"coordinates":[[6304,35210],[6316,35086],[6356,35126]],"size":[1,1,523],"rotations":[0,0,0],"colors":[7122329,6396809,8434380,6990537]},{"id":28412,"name":"Table","type":10,"category":154,"actions":[],"coordinates":[[6304,35198]],"size":[3,1,523],"rotations":[1],"colors":[7122329,6396809,8434380,6990537]},{"id":28427,"name":"Table","type":10,"category":154,"actions":[],"coordinates":[[6306,35096]],"size":[6,2,523],"rotations":[3],"colors":[7122329,6396809,8434380,6990537]},{"id":28401,"name":"Table","type":10,"category":154,"actions":[],"coordinates":[[6316,35218]],"size":[3,1,523],"rotations":[0],"colors":[7122329,6396809,8434380,6990537]},{"id":33602,"name":"Bookshelf","type":10,"category":0,"actions":[],"coordinates":[[6332,35214]],"size":[1,1,523],"rotations":[0],"colors":[7122329,6396809,8434380,6990537]},{"id":33603,"name":"Bookshelf","type":10,"category":0,"actions":[],"coordinates":[[6332,35210]],"size":[1,1,523],"rotations":[0],"colors":[7122329,6396809,8434380,6990537]},{"id":33604,"name":"Bookshelf","type":10,"category":0,"actions":[],"coordinates":[[6332,35206]],"size":[1,1,523],"rotations":[0],"colors":[7122329,6396809,8434380,6990537]},{"id":33605,"name":"Bookshelf","type":10,"category":0,"actions":[],"coordinates":[[6332,35202]],"size":[1,1,523],"rotations":[0],"colors":[7122329,6396809,8434380,6990537]},{"id":33606,"name":"Bookshelf","type":10,"category":0,"actions":[],"coordinates":[[6332,35198]],"size":[1,1,523],"rotations":[0],"colors":[7122329,6396809,8434380,6990537]},{"id":33607,"name":"Bookshelf","type":10,"category":0,"actions":[],"coordinates":[[6332,35194]],"size":[1,1,523],"rotations":[0],"colors":[7122329,6396809,8434380,6990537]},{"id":30094,"name":"Bookshelf","type":10,"category":0,"actions":[],"coordinates":[[6336,35190]],"size":[1,1,523],"rotations":[0],"colors":[7122329,6396809,8434380,6990537]},{"id":33574,"name":"Stairs","type":10,"category":1295,"actions":["Climb"],"coordinates":[[6340,35156]],"size":[2,3,523],"rotations":[3],"colors":[7122329,6396809,8434380,6990537]},{"id":33575,"name":"Stairs","type":10,"category":1295,"actions":["Climb"],"coordinates":[[6340,35148]],"size":[2,3,523],"rotations":[3],"colors":[7122329,6396809,8434380,6990537]},{"id":28364,"name":"Table","type":10,"category":154,"actions":[],"coordinates":[[6346,35116]],"size":[6,2,523],"rotations":[0],"colors":[7122329,6396809,8434380,6990537]},{"id":30093,"name":"Bookshelf","type":10,"category":0,"actions":[],"coordinates":[[6340,35190]],"size":[1,1,523],"rotations":[0],"colors":[7122329,6396809,8434380,6990537]},{"id":30092,"name":"Bookshelf","type":10,"category":0,"actions":[],"coordinates":[[6348,35190]],"size":[1,1,523],"rotations":[0],"colors":[7122329,6396809,8434380,6990537]},{"id":30091,"name":"Bookshelf","type":10,"category":0,"actions":[],"coordinates":[[6352,35190]],"size":[1,1,523],"rotations":[0],"colors":[7122329,6396809,8434380,6990537]},{"id":28402,"name":"Table","type":10,"category":154,"actions":[],"coordinates":[[6364,35138]],"size":[3,1,523],"rotations":[0],"colors":[7122329,6396809,8434380,6990537]},{"id":28424,"name":"Shelf","type":10,"category":0,"actions":[],"coordinates":[[6364,35166]],"size":[1,1,523],"rotations":[0],"colors":[7122329,6396809,8434380,6990537]},{"id":33572,"name":"Door","type":0,"category":0,"actions":["Open"],"coordinates":[[6384,35154]],"size":[1,1,523],"rotations":[0],"colors":[7122329,6396809,8434380,6990537]},{"id":33570,"name":"Door","type":0,"category":0,"actions":["Open"],"coordinates":[[6384,35150]],"size":[1,1,523],"rotations":[0],"colors":[7122329,6396809,8434380,6990537]}]