[{"id":12588,"name":"Rock","type":10,"category":0,"actions":[],"coordinates":[[6582,11248]],"size":[2,2,523],"rotations":[0],"colors":[7122329,6396809,8434380,6990537]},{"id":12589,"name":"Rock","type":10,"category":0,"actions":[],"coordinates":[[6584,11238],[6604,11230],[6636,11174]],"size":[1,1,523],"rotations":[0,0,0],"colors":[7122329,6396809,8434380,6990537]},{"id":31691,"name":"Sand pile","type":10,"category":0,"actions":["Climb"],"coordinates":[[6586,11034]],"size":[1,2,523],"rotations":[1],"colors":[7122329,6396809,8434380,6990537]},{"id":12590,"name":"Rocks","type":10,"category":0,"actions":[],"coordinates":[[6622,11196]],"size":[2,2,523],"rotations":[0],"colors":[7122329,6396809,8434380,6990537]},{"id":6298,"name":"Skeleton","type":10,"category":0,"actions":[],"coordinates":[[6640,11050]],"size":[1,1,523],"rotations":[0],"colors":[7122329,6396809,8434380,6990537]}]