[{"id":12589,"name":"Rock","type":10,"category":0,"actions":[],"coordinates":[[6568,11290],[6592,11310]],"size":[1,1,523],"rotations":[0,0],"colors":[7122329,6396809,8434380,6990537]},{"id":12590,"name":"Rocks","type":10,"category":0,"actions":[],"coordinates":[[6578,11300],[6586,11272]],"size":[2,2,523],"rotations":[0,0],"colors":[7122329,6396809,8434380,6990537]},{"id":12588,"name":"Rock","type":10,"category":0,"actions":[],"coordinates":[[6590,11324]],"size":[2,2,523],"rotations":[0],"colors":[7122329,6396809,8434380,6990537]}]