[{"id":30196,"name":"Chain","type":11,"category":0,"actions":[],"coordinates":[[6484,10678],[6492,10654],[6500,10666]],"size":[1,1,523],"rotations":[0,0,0],"colors":[7122329,6396809,8434380,6990537]},{"id":27223,"name":"Crate","type":11,"category":0,"actions":[],"coordinates":[[6484,10670],[6496,10650],[6500,10674]],"size":[1,1,523],"rotations":[0,0,0],"colors":[7122329,6396809,8434380,6990537]},{"id":11589,"name":"Barrel","type":10,"category":0,"actions":[],"coordinates":[[6484,10666],[6500,10654]],"size":[1,1,523],"rotations":[0,0],"colors":[7122329,6396809,8434380,6990537]},{"id":25785,"name":"Rack","type":10,"category":0,"actions":[],"coordinates":[[6486,10654]],"size":[2,3,523],"rotations":[0],"colors":[7122329,6396809,8434380,6990537]},{"id":17385,"name":"Ladder","type":10,"category":0,"actions":["Climb-up"],"coordinates":[[6492,10702]],"size":[1,1,523],"rotations":[0],"colors":[7122329,6396809,8434380,6990537]},{"id":11783,"name":"Door","type":0,"category":167,"actions":["Open"],"coordinates":[[6492,10686]],"size":[1,1,523],"rotations":[0],"colors":[7122329,6396809,8434380,6990537]},{"id":27224,"name":"Crates","type":10,"category":0,"actions":[],"coordinates":[[6500,10650]],"size":[1,1,523],"rotations":[0],"colors":[7122329,6396809,8434380,6990537]}]