[{"id":52624,"name":"Ladder","type":10,"category":664,"actions":["Climb-up"],"coordinates":[[6460,12130]],"size":[1,1,523],"rotations":[0],"colors":[7122329,6396809,8434380,6990537]},{"id":52622,"name":"Ladder","type":10,"category":664,"actions":["Climb-up"],"coordinates":[[6488,12174]],"size":[1,1,523],"rotations":[0],"colors":[7122329,6396809,8434380,6990537]},{"id":52439,"name":"Suit of Armour","type":10,"category":0,"actions":[],"coordinates":[[6508,12142]],"size":[1,1,523],"rotations":[0],"colors":[7122329,6396809,8434380,6990537]},{"id":52432,"name":"Crates","type":10,"category":0,"actions":[],"coordinates":[[6508,12122],[6576,12182],[6600,12142],[6616,12122]],"size":[1,1,523],"rotations":[0,0,0,0],"colors":[7122329,6396809,8434380,6990537]},{"id":8816,"name":"Bed","type":10,"category":0,"actions":[],"coordinates":[[6512,12140],[6512,12124],[6520,12140],[6520,12124],[6528,12140],[6528,12124],[6596,12124],[6604,12140],[6612,12124]],"size":[1,2,523],"rotations":[2,0,2,0,2,0,0,2,0],"colors":[7122329,6396809,8434380,6990537]},{"id":52444,"name":"Suit of Armour","type":10,"category":0,"actions":[],"coordinates":[[6516,12142]],"size":[1,1,523],"rotations":[0],"colors":[7122329,6396809,8434380,6990537]},{"id":52425,"name":"Barrel","type":10,"category":0,"actions":[],"coordinates":[[6516,12122],[6524,12142],[6532,12122],[6548,12182],[6592,12142],[6600,12122]],"size":[1,1,523],"rotations":[0,0,0,0,0,0],"colors":[7122329,6396809,8434380,6990537]},{"id":52431,"name":"Crate","type":10,"category":0,"actions":[],"coordinates":[[6524,12122],[6536,12142],[6592,12122],[6608,12142]],"size":[1,1,523],"rotations":[0,0,0,0],"colors":[7122329,6396809,8434380,6990537]},{"id":52445,"name":"Suit of Armour","type":10,"category":0,"actions":[],"coordinates":[[6532,12142]],"size":[1,1,523],"rotations":[0],"colors":[7122329,6396809,8434380,6990537]},{"id":52440,"name":"Suit of Armour","type":10,"category":0,"actions":[],"coordinates":[[6536,12122]],"size":[1,1,523],"rotations":[0],"colors":[7122329,6396809,8434380,6990537]},{"id":51426,"name":"Ancient fountainhead","type":10,"category":244,"actions":[],"coordinates":[[6550,12156],[6574,12156]],"size":[2,2,523],"rotations":[0,0],"colors":[7122329,6396809,8434380,6990537]},{"id":51877,"name":"Statue of Quoatlos","type":11,"category":0,"actions":[],"coordinates":[[6550,12120],[6574,12120],[6582,12224]],"size":[2,2,523],"rotations":[0,0,0],"colors":[7122329,6396809,8434380,6990537]},{"id":52429,"name":"Ale Barrel","type":10,"category":0,"actions":[],"coordinates":[[6554,12180],[6570,12180]],"size":[2,2,523],"rotations":[0,0],"colors":[7122329,6396809,8434380,6990537]},{"id":52436,"name":"Pillow","type":10,"category":0,"actions":[],"coordinates":[[6556,12134],[6556,12126],[6560,12138],[6560,12122],[6564,12138],[6564,12122],[6568,12134],[6568,12126]],"size":[1,1,523],"rotations":[0,0,0,0,0,0,0,0],"colors":[7122329,6396809,8434380,6990537]},{"id":52642,"name":"Staircase","type":10,"category":0,"actions":["Climb-up"],"coordinates":[[6562,12170]],"size":[2,3,523],"rotations":[2],"colors":[7122329,6396809,8434380,6990537]},{"id":51906,"name":"Brazier","type":10,"category":0,"actions":[],"coordinates":[[6562,12130]],"size":[2,3,523],"rotations":[2],"colors":[7122329,6396809,8434380,6990537]},{"id":52821,"name":"Gate","type":0,"category":0,"actions":["Open"],"coordinates":[[6584,12174]],"size":[1,1,523],"rotations":[0],"colors":[7122329,6396809,8434380,6990537]},{"id":52442,"name":"Suit of Armour","type":10,"category":0,"actions":[],"coordinates":[[6588,12142]],"size":[1,1,523],"rotations":[0],"colors":[7122329,6396809,8434380,6990537]},{"id":52443,"name":"Suit of Armour","type":10,"category":0,"actions":[],"coordinates":[[6588,12122]],"size":[1,1,523],"rotations":[0],"colors":[7122329,6396809,8434380,6990537]},{"id":8817,"name":"Bed","type":10,"category":0,"actions":[],"coordinates":[[6596,12140],[6604,12124],[6612,12140]],"size":[1,2,523],"rotations":[2,0,2],"colors":[7122329,6396809,8434380,6990537]},{"id":52441,"name":"Suit of Armour","type":10,"category":0,"actions":[],"coordinates":[[6608,12122]],"size":[1,1,523],"rotations":[0],"colors":[7122329,6396809,8434380,6990537]},{"id":52813,"name":"Chest","type":10,"category":0,"actions":["Open"],"coordinates":[[6616,12142]],"size":[1,1,523],"rotations":[0],"colors":[7122329,6396809,8434380,6990537]}]