[{"id":56511,"name":"Staircase","type":10,"category":0,"actions":["Climb-up"],"coordinates":[[6568,12460]],"size":[2,3,523],"rotations":[3],"colors":[7122329,6396809,8434380,6990537]},{"id":55049,"name":"Crates","type":10,"category":0,"actions":[],"coordinates":[[6572,12474],[6572,12470],[6572,12442],[6624,12474]],"size":[1,1,523],"rotations":[0,0,0,0],"colors":[7122329,6396809,8434380,6990537]},{"id":55048,"name":"Crate","type":11,"category":0,"actions":[],"coordinates":[[6572,12446],[6576,12474],[6576,12442]],"size":[1,1,523],"rotations":[0,0,0],"colors":[7122329,6396809,8434380,6990537]},{"id":56474,"name":"Crate","type":10,"category":0,"actions":["Search"],"coordinates":[[6580,12442]],"size":[1,1,523],"rotations":[0],"colors":[7122329,6396809,8434380,6990537]},{"id":55033,"name":"Table","type":10,"category":156,"actions":[],"coordinates":[[6586,12482]],"size":[2,1,523],"rotations":[0],"colors":[7122329,6396809,8434380,6990537]},{"id":56517,"name":"Bucket","type":10,"category":0,"actions":[],"coordinates":[[6592,12478]],"size":[1,1,523],"rotations":[0],"colors":[7122329,6396809,8434380,6990537]},{"id":56516,"name":"Chair","type":10,"category":0,"actions":[],"coordinates":[[6596,12478]],"size":[1,1,523],"rotations":[0],"colors":[7122329,6396809,8434380,6990537]},{"id":55050,"name":"Barrel","type":11,"category":0,"actions":[],"coordinates":[[6612,12482]],"size":[1,1,523],"rotations":[0],"colors":[7122329,6396809,8434380,6990537]},{"id":52577,"name":"Bookshelf","type":10,"category":205,"actions":[],"coordinates":[[6616,12442],[6620,12442]],"size":[1,1,523],"rotations":[0,0],"colors":[7122329,6396809,8434380,6990537]},{"id":52456,"name":"Chair","type":10,"category":0,"actions":[],"coordinates":[[6620,12458],[6624,12466]],"size":[1,1,523],"rotations":[0,0],"colors":[7122329,6396809,8434380,6990537]},{"id":52579,"name":"Book","type":22,"category":0,"actions":[],"coordinates":[[6620,12446]],"size":[1,1,523],"rotations":[0],"colors":[7122329,6396809,8434380,6990537]},{"id":52457,"name":"Table","type":10,"category":156,"actions":[],"coordinates":[[6624,12460]],"size":[2,1,523],"rotations":[3],"colors":[7122329,6396809,8434380,6990537]}]