[{"id":31293,"name":"Medium Fossil Display","type":10,"category":1164,"actions":["Add to"],"coordinates":[[6424,30630]],"size":[1,1,523],"rotations":[0],"colors":[7122329,6396809,8434380,6990537]},{"id":31281,"name":"Medium Fossil Display","type":10,"category":1164,"actions":["Add to"],"coordinates":[[6424,30606]],"size":[1,1,523],"rotations":[0],"colors":[7122329,6396809,8434380,6990537]},{"id":31227,"name":"Medium Fossil Display","type":10,"category":1164,"actions":["Add to"],"coordinates":[[6424,30566]],"size":[1,1,523],"rotations":[0],"colors":[7122329,6396809,8434380,6990537]},{"id":31287,"name":"Medium Fossil Display","type":10,"category":1164,"actions":["Add to"],"coordinates":[[6432,30606]],"size":[1,1,523],"rotations":[0],"colors":[7122329,6396809,8434380,6990537]},{"id":31221,"name":"Medium Fossil Display","type":10,"category":1164,"actions":["Add to"],"coordinates":[[6440,30530]],"size":[1,1,523],"rotations":[0],"colors":[7122329,6396809,8434380,6990537]},{"id":31251,"name":"Medium Fossil Display","type":10,"category":1164,"actions":["Add to"],"coordinates":[[6440,30506]],"size":[1,1,523],"rotations":[0],"colors":[7122329,6396809,8434380,6990537]},{"id":31185,"name":"Small Fossil Display","type":10,"category":1164,"actions":["Add to"],"coordinates":[[6444,30630]],"size":[1,1,523],"rotations":[0],"colors":[7122329,6396809,8434380,6990537]},{"id":31173,"name":"Small Fossil Display","type":10,"category":1164,"actions":["Add to"],"coordinates":[[6444,30562]],"size":[1,1,523],"rotations":[0],"colors":[7122329,6396809,8434380,6990537]},{"id":31119,"name":"Plant Fossil Display","type":10,"category":1164,"actions":["Add to"],"coordinates":[[6452,30610]],"size":[1,1,523],"rotations":[0],"colors":[7122329,6396809,8434380,6990537]},{"id":31113,"name":"Plant Fossil Display","type":10,"category":1164,"actions":["Add to"],"coordinates":[[6452,30586]],"size":[1,1,523],"rotations":[0],"colors":[7122329,6396809,8434380,6990537]},{"id":31191,"name":"Small Fossil Display","type":10,"category":1164,"actions":["Add to"],"coordinates":[[6464,30630]],"size":[1,1,523],"rotations":[0],"colors":[7122329,6396809,8434380,6990537]},{"id":31179,"name":"Small Fossil Display","type":10,"category":1164,"actions":["Add to"],"coordinates":[[6464,30562]],"size":[1,1,523],"rotations":[0],"colors":[7122329,6396809,8434380,6990537]},{"id":31101,"name":"Large Fossil Display","type":10,"category":1164,"actions":["Add to"],"coordinates":[[6476,30522]],"size":[1,1,523],"rotations":[0],"colors":[7122329,6396809,8434380,6990537]},{"id":31089,"name":"Leviathan","type":10,"category":1164,"actions":[],"coordinates":[[6476,30522]],"size":[1,1,523],"rotations":[0],"colors":[7122329,6396809,8434380,6990537]},{"id":31161,"name":"Small Fossil Display","type":10,"category":1164,"actions":["Add to"],"coordinates":[[6476,30494]],"size":[1,1,523],"rotations":[0],"colors":[7122329,6396809,8434380,6990537]},{"id":31299,"name":"Viewer","type":10,"category":0,"actions":["View"],"coordinates":[[6488,30542],[6560,30542]],"size":[1,1,523],"rotations":[0,0],"colors":[7122329,6396809,8434380,6990537]},{"id":31095,"name":"Large Fossil Support","type":10,"category":1164,"actions":["Add to"],"coordinates":[[6492,30518]],"size":[1,1,523],"rotations":[0],"colors":[7122329,6396809,8434380,6990537]},{"id":31209,"name":"Small Fossil Display","type":10,"category":1164,"actions":["Add to"],"coordinates":[[6496,30494]],"size":[1,1,523],"rotations":[0],"colors":[7122329,6396809,8434380,6990537]},{"id":31107,"name":"Plant Fossil Display","type":10,"category":1164,"actions":["Add to"],"coordinates":[[6500,30550]],"size":[1,1,523],"rotations":[0],"colors":[7122329,6396809,8434380,6990537]},{"id":31077,"name":"Leviathan","type":10,"category":1164,"actions":[],"coordinates":[[6500,30526]],"size":[1,1,523],"rotations":[0],"colors":[7122329,6396809,8434380,6990537]},{"id":31083,"name":"Large Fossil Support","type":10,"category":1164,"actions":["Add to"],"coordinates":[[6508,30518]],"size":[1,1,523],"rotations":[0],"colors":[7122329,6396809,8434380,6990537]},{"id":30987,"name":"Fossil Storage","type":10,"category":1161,"actions":["Open"],"coordinates":[[6516,30598]],"size":[1,1,523],"rotations":[0],"colors":[7122329,6396809,8434380,6990537]},{"id":24427,"name":"Stairs","type":10,"category":0,"actions":["Walk-up"],"coordinates":[[6524,30594]],"size":[3,3,523],"rotations":[0],"colors":[7122329,6396809,8434380,6990537]},{"id":31149,"name":"Small Fossil Display","type":10,"category":1164,"actions":["Add to"],"coordinates":[[6520,30494]],"size":[1,1,523],"rotations":[0],"colors":[7122329,6396809,8434380,6990537]},{"id":31065,"name":"Leviathan","type":10,"category":1164,"actions":[],"coordinates":[[6524,30526]],"size":[1,1,523],"rotations":[0],"colors":[7122329,6396809,8434380,6990537]},{"id":31071,"name":"Large Fossil Support","type":10,"category":1164,"actions":["Add to"],"coordinates":[[6532,30518]],"size":[1,1,523],"rotations":[0],"colors":[7122329,6396809,8434380,6990537]},{"id":31269,"name":"Medium Fossil Display","type":10,"category":1164,"actions":["Add to"],"coordinates":[[6540,30550]],"size":[1,1,523],"rotations":[0],"colors":[7122329,6396809,8434380,6990537]},{"id":31137,"name":"Small Fossil Display","type":10,"category":1164,"actions":["Add to"],"coordinates":[[6540,30494]],"size":[1,1,523],"rotations":[0],"colors":[7122329,6396809,8434380,6990537]},{"id":31053,"name":"Leviathan","type":10,"category":1164,"actions":[],"coordinates":[[6548,30522]],"size":[1,1,523],"rotations":[0],"colors":[7122329,6396809,8434380,6990537]},{"id":31059,"name":"Large Fossil Support","type":10,"category":1164,"actions":["Add to"],"coordinates":[[6556,30518]],"size":[1,1,523],"rotations":[0],"colors":[7122329,6396809,8434380,6990537]},{"id":31143,"name":"Small Fossil Display","type":10,"category":1164,"actions":["Add to"],"coordinates":[[6564,30494]],"size":[1,1,523],"rotations":[0],"colors":[7122329,6396809,8434380,6990537]},{"id":31167,"name":"Small Fossil Display","type":10,"category":1164,"actions":["Add to"],"coordinates":[[6580,30630]],"size":[1,1,523],"rotations":[0],"colors":[7122329,6396809,8434380,6990537]},{"id":31197,"name":"Small Fossil Display","type":10,"category":1164,"actions":["Add to"],"coordinates":[[6580,30562]],"size":[1,1,523],"rotations":[0],"colors":[7122329,6396809,8434380,6990537]},{"id":31155,"name":"Small Fossil Display","type":10,"category":1164,"actions":["Add to"],"coordinates":[[6580,30530]],"size":[1,1,523],"rotations":[0],"colors":[7122329,6396809,8434380,6990537]},{"id":31275,"name":"Medium Fossil Display","type":10,"category":1164,"actions":["Add to"],"coordinates":[[6588,30610]],"size":[1,1,523],"rotations":[0],"colors":[7122329,6396809,8434380,6990537]},{"id":31263,"name":"Medium Fossil Display","type":10,"category":1164,"actions":["Add to"],"coordinates":[[6588,30586]],"size":[1,1,523],"rotations":[0],"colors":[7122329,6396809,8434380,6990537]},{"id":31257,"name":"Medium Fossil Display","type":10,"category":1164,"actions":["Add to"],"coordinates":[[6596,30506]],"size":[1,1,523],"rotations":[0],"colors":[7122329,6396809,8434380,6990537]},{"id":31215,"name":"Small Fossil Display","type":10,"category":1164,"actions":["Add to"],"coordinates":[[6600,30630]],"size":[1,1,523],"rotations":[0],"colors":[7122329,6396809,8434380,6990537]},{"id":31203,"name":"Small Fossil Display","type":10,"category":1164,"actions":["Add to"],"coordinates":[[6600,30562]],"size":[1,1,523],"rotations":[0],"colors":[7122329,6396809,8434380,6990537]},{"id":31233,"name":"Medium Fossil Display","type":10,"category":1164,"actions":["Add to"],"coordinates":[[6600,30530]],"size":[1,1,523],"rotations":[0],"colors":[7122329,6396809,8434380,6990537]},{"id":31131,"name":"Plant Fossil Display","type":10,"category":1164,"actions":["Add to"],"coordinates":[[6616,30630]],"size":[1,1,523],"rotations":[0],"colors":[7122329,6396809,8434380,6990537]},{"id":31245,"name":"Medium Fossil Display","type":10,"category":1164,"actions":["Add to"],"coordinates":[[6616,30610]],"size":[1,1,523],"rotations":[0],"colors":[7122329,6396809,8434380,6990537]},{"id":31239,"name":"Medium Fossil Display","type":10,"category":1164,"actions":["Add to"],"coordinates":[[6616,30586]],"size":[1,1,523],"rotations":[0],"colors":[7122329,6396809,8434380,6990537]},{"id":31125,"name":"Plant Fossil Display","type":10,"category":1164,"actions":["Add to"],"coordinates":[[6616,30566]],"size":[1,1,523],"rotations":[0],"colors":[7122329,6396809,8434380,6990537]}]