[{"id":18462,"name":"Crate","type":10,"category":0,"actions":[],"coordinates":[[6414,27876],[6458,27676],[6530,27852],[6626,27728]],"size":[2,2,523],"rotations":[0,0,0,0],"colors":[7122329,6396809,8434380,6990537]},{"id":18452,"name":"Wreck","type":10,"category":0,"actions":[],"coordinates":[[6428,27708],[6432,27844],[6562,27858],[6652,27856]],"size":[3,2,523],"rotations":[2,2,3,2],"colors":[7122329,6396809,8434380,6990537]},{"id":18463,"name":"Crate","type":10,"category":0,"actions":[],"coordinates":[[6434,27752],[6486,27792],[6546,27676],[6622,27876]],"size":[2,2,523],"rotations":[0,0,0,0],"colors":[7122329,6396809,8434380,6990537]},{"id":245,"name":"Ship's ladder","type":10,"category":0,"actions":["Climb-up"],"coordinates":[[6468,27754],[6484,27754],[6596,27826],[6612,27826],[6636,27678],[6636,27662]],"size":[1,1,523],"rotations":[0,0,0,0,0,0],"colors":[7122329,6396809,8434380,6990537]},{"id":9534,"name":"Crate","type":10,"category":209,"actions":["Search"],"coordinates":[[6472,27770],[6516,27710],[6600,27842],[6608,27826],[6620,27666]],"size":[1,1,523],"rotations":[0,0,0,0,0],"colors":[7122329,6396809,8434380,6990537]},{"id":9521,"name":"Barrel","type":10,"category":0,"actions":[],"coordinates":[[6472,27750],[6600,27822],[6640,27666]],"size":[1,1,523],"rotations":[0,0,0],"colors":[7122329,6396809,8434380,6990537]},{"id":31815,"name":"Paladin","type":10,"category":0,"actions":[],"coordinates":[[6478,27748],[6610,27820]],"size":[2,2,523],"rotations":[0,0],"colors":[7122329,6396809,8434380,6990537]},{"id":32316,"name":"Debris","type":22,"category":0,"actions":["Cross"],"coordinates":[[6476,27730],[6524,27766]],"size":[1,1,523],"rotations":[0,0],"colors":[7122329,6396809,8434380,6990537]},{"id":9519,"name":"Barrel","type":10,"category":0,"actions":[],"coordinates":[[6480,27770],[6480,27766],[6520,27702],[6620,27674],[6624,27674]],"size":[1,1,523],"rotations":[0,0,0,0,0],"colors":[7122329,6396809,8434380,6990537]},{"id":32308,"name":"<col=ffff00>Fremennik warrior</col>","type":10,"category":0,"actions":[],"coordinates":[[6494,27846]],"size":[2,1,523],"rotations":[2],"colors":[7122329,6396809,8434380,6990537]},{"id":32304,"name":"Mast","type":10,"category":0,"actions":[],"coordinates":[[6500,27846]],"size":[1,1,523],"rotations":[0],"colors":[7122329,6396809,8434380,6990537]},{"id":32307,"name":"<col=ffff00>Fremennik warrior</col>","type":10,"category":0,"actions":[],"coordinates":[[6506,27862]],"size":[2,1,523],"rotations":[2],"colors":[7122329,6396809,8434380,6990537]},{"id":272,"name":"Ship's ladder","type":10,"category":0,"actions":["Climb-up"],"coordinates":[[6508,27706]],"size":[1,1,523],"rotations":[0],"colors":[7122329,6396809,8434380,6990537]},{"id":25156,"name":"Fire","type":10,"category":0,"actions":[],"coordinates":[[6516,27702],[6600,27818],[6612,27774]],"size":[1,1,523],"rotations":[0,0,0],"colors":[7122329,6396809,8434380,6990537]},{"id":46320,"name":"Paladin","type":10,"category":0,"actions":[],"coordinates":[[6522,27708],[6618,27776]],"size":[2,2,523],"rotations":[0,0],"colors":[7122329,6396809,8434380,6990537]},{"id":260,"name":"Figurehead","type":10,"category":0,"actions":[],"coordinates":[[6534,27706]],"size":[2,1,523],"rotations":[2],"colors":[7122329,6396809,8434380,6990537]},{"id":32321,"name":"Rope ladder","type":10,"category":0,"actions":["Climb-up"],"coordinates":[[6564,27790]],"size":[1,1,523],"rotations":[0],"colors":[7122329,6396809,8434380,6990537]},{"id":32317,"name":"Debris","type":22,"category":0,"actions":["Cross"],"coordinates":[[6592,27786]],"size":[1,1,523],"rotations":[0],"colors":[7122329,6396809,8434380,6990537]},{"id":9535,"name":"Crates","type":10,"category":2307,"actions":["Search"],"coordinates":[[6604,27818],[6644,27670]],"size":[1,1,523],"rotations":[0,0],"colors":[7122329,6396809,8434380,6990537]},{"id":822,"name":"Cannonballs","type":10,"category":0,"actions":[],"coordinates":[[6608,27842],[6608,27790],[6624,27794],[6628,27666]],"size":[1,1,523],"rotations":[0,0,0,0],"colors":[7122329,6396809,8434380,6990537]},{"id":821,"name":"Cannon","type":10,"category":0,"actions":[],"coordinates":[[6610,27794]],"size":[1,2,523],"rotations":[1],"colors":[7122329,6396809,8434380,6990537]}]