[{"id":245,"name":"Ship's ladder","type":10,"category":0,"actions":["Climb-up"],"coordinates":[[6428,28034],[6444,28034]],"size":[1,1,523],"rotations":[0,0],"colors":[7122329,6396809,8434380,6990537]},{"id":821,"name":"Cannon","type":10,"category":0,"actions":[],"coordinates":[[6430,28018],[6430,28010],[6430,28002],[6442,28018],[6442,28010],[6442,28002]],"size":[1,2,523],"rotations":[1,1,1,3,3,3],"colors":[7122329,6396809,8434380,6990537]},{"id":822,"name":"Cannonballs","type":10,"category":0,"actions":[],"coordinates":[[6428,27998],[6440,28014],[6440,27994],[6444,28026]],"size":[1,1,523],"rotations":[0,0,0,0],"colors":[7122329,6396809,8434380,6990537]},{"id":9534,"name":"Crate","type":10,"category":209,"actions":["Search"],"coordinates":[[6432,28050]],"size":[1,1,523],"rotations":[0],"colors":[7122329,6396809,8434380,6990537]},{"id":9521,"name":"Barrel","type":10,"category":0,"actions":[],"coordinates":[[6432,28030]],"size":[1,1,523],"rotations":[0],"colors":[7122329,6396809,8434380,6990537]},{"id":9519,"name":"Barrel","type":10,"category":0,"actions":[],"coordinates":[[6432,28002],[6432,27998],[6440,28050],[6440,28046],[6440,28006]],"size":[1,1,523],"rotations":[0,0,0,0,0],"colors":[7122329,6396809,8434380,6990537]},{"id":9535,"name":"Crates","type":10,"category":2307,"actions":["Search"],"coordinates":[[6436,28026]],"size":[1,1,523],"rotations":[0],"colors":[7122329,6396809,8434380,6990537]},{"id":272,"name":"Ship's ladder","type":10,"category":0,"actions":["Climb-up"],"coordinates":[[6436,28010]],"size":[1,1,523],"rotations":[0],"colors":[7122329,6396809,8434380,6990537]},{"id":273,"name":"Ship's ladder","type":10,"category":0,"actions":["Climb-down"],"coordinates":[[6436,28010]],"size":[1,1,523],"rotations":[0],"colors":[7122329,6396809,8434380,6990537]},{"id":260,"name":"Figurehead","type":10,"category":0,"actions":[],"coordinates":[[6436,27984]],"size":[2,1,523],"rotations":[1],"colors":[7122329,6396809,8434380,6990537]},{"id":16938,"name":"Cannon","type":10,"category":529,"actions":[],"coordinates":[[6596,28062],[6596,28054],[6596,28046],[6596,28038],[6596,28030],[6596,28022],[6596,28014],[6596,28006],[6596,27998],[6596,27990],[6596,27982],[6636,28062],[6636,28054],[6636,28046],[6636,28038],[6636,28030],[6636,28022],[6636,28014],[6636,28006],[6636,27998],[6636,27990],[6636,27982]],"size":[3,1,523],"rotations":[2,2,2,2,2,2,2,2,2,2,2,0,0,0,0,0,0,0,0,0,0,0],"colors":[7122329,6396809,8434380,6990537]},{"id":17757,"name":"Chair","type":10,"category":0,"actions":[],"coordinates":[[6608,28086]],"size":[1,1,523],"rotations":[0],"colors":[7122329,6396809,8434380,6990537]},{"id":17760,"name":"Chair","type":10,"category":0,"actions":[],"coordinates":[[6616,28094]],"size":[1,1,523],"rotations":[0],"colors":[7122329,6396809,8434380,6990537]},{"id":17761,"name":"Chair","type":10,"category":0,"actions":[],"coordinates":[[6624,28086]],"size":[1,1,523],"rotations":[0],"colors":[7122329,6396809,8434380,6990537]},{"id":32324,"name":"Rope","type":10,"category":0,"actions":["Climb-up"],"coordinates":[[6640,28090]],"size":[1,1,523],"rotations":[0],"colors":[7122329,6396809,8434380,6990537]}]