[{"id":51888,"name":"Statue of Atlazora","type":10,"category":0,"actions":[],"coordinates":[[6766,12176]],"size":[4,4,523],"rotations":[0],"colors":[7122329,6396809,8434380,6990537]},{"id":51898,"name":"Statue of Taur","type":10,"category":0,"actions":[],"coordinates":[[6768,12198]],"size":[3,3,523],"rotations":[0],"colors":[7122329,6396809,8434380,6990537]},{"id":51894,"name":"Statue of Dizana","type":10,"category":0,"actions":[],"coordinates":[[6768,12154]],"size":[3,3,523],"rotations":[0],"colors":[7122329,6396809,8434380,6990537]},{"id":51903,"name":"Banner","type":4,"category":0,"actions":[],"coordinates":[[6772,12206],[6772,12186],[6772,12166],[6772,12146],[6788,12210],[6788,12142],[6800,12210],[6800,12142],[6816,12206],[6816,12186],[6816,12166],[6816,12146]],"size":[1,1,523],"rotations":[0,0,0,0,0,0,0,0,0,0,0,0],"colors":[7122329,6396809,8434380,6990537]},{"id":51906,"name":"Brazier","type":10,"category":0,"actions":[],"coordinates":[[6780,12208],[6780,12188],[6780,12164],[6780,12144],[6808,12208],[6808,12188],[6808,12164],[6808,12144]],"size":[2,3,523],"rotations":[1,1,1,1,3,3,3,3],"colors":[7122329,6396809,8434380,6990537]},{"id":52644,"name":"Staircase","type":10,"category":0,"actions":[],"coordinates":[[6794,12134]],"size":[2,3,523],"rotations":[0],"colors":[7122329,6396809,8434380,6990537]},{"id":51891,"name":"Statue of Marhuitz","type":10,"category":0,"actions":[],"coordinates":[[6820,12198]],"size":[3,3,523],"rotations":[0],"colors":[7122329,6396809,8434380,6990537]},{"id":51879,"name":"Statue of Quoatlos","type":10,"category":0,"actions":[],"coordinates":[[6822,12176]],"size":[4,4,523],"rotations":[0],"colors":[7122329,6396809,8434380,6990537]},{"id":51883,"name":"Statue of Xerna","type":10,"category":0,"actions":[],"coordinates":[[6820,12154]],"size":[3,3,523],"rotations":[0],"colors":[7122329,6396809,8434380,6990537]}]