[{"id":31693,"name":"Rope","type":10,"category":0,"actions":["Climb"],"coordinates":[[6708,11446]],"size":[1,1,523],"rotations":[0],"colors":[7122329,6396809,8434380,6990537]},{"id":31694,"name":"Rope","type":10,"category":0,"actions":[],"coordinates":[[6708,11446]],"size":[1,1,523],"rotations":[0],"colors":[7122329,6396809,8434380,6990537]},{"id":3825,"name":"Stalagmite","type":10,"category":0,"actions":[],"coordinates":[[6712,11430]],"size":[1,1,523],"rotations":[0],"colors":[7122329,6396809,8434380,6990537]},{"id":31698,"name":"Rocks","type":10,"category":0,"actions":["Climb"],"coordinates":[[6748,11410]],"size":[1,1,523],"rotations":[0],"colors":[7122329,6396809,8434380,6990537]},{"id":6299,"name":"Skeleton","type":10,"category":0,"actions":[],"coordinates":[[6766,11434]],"size":[2,1,523],"rotations":[0],"colors":[7122329,6396809,8434380,6990537]},{"id":6298,"name":"Skeleton","type":10,"category":0,"actions":[],"coordinates":[[6784,11386]],"size":[1,1,523],"rotations":[0],"colors":[7122329,6396809,8434380,6990537]},{"id":31703,"name":"Chest","type":10,"category":0,"actions":["Search"],"coordinates":[[6800,11418]],"size":[1,1,523],"rotations":[0],"colors":[7122329,6396809,8434380,6990537]},{"id":12589,"name":"Rock","type":10,"category":0,"actions":[],"coordinates":[[6808,11282],[6812,11422],[6848,11402],[6856,11442],[6860,11294],[6864,11498],[6880,11490],[6904,11294]],"size":[1,1,523],"rotations":[0,0,0,0,0,0,0,0],"colors":[7122329,6396809,8434380,6990537]},{"id":12590,"name":"Rocks","type":10,"category":0,"actions":[],"coordinates":[[6826,11392],[6878,11504],[6886,11300]],"size":[2,2,523],"rotations":[0,0,0],"colors":[7122329,6396809,8434380,6990537]},{"id":12588,"name":"Rock","type":10,"category":0,"actions":[],"coordinates":[[6830,11288],[6834,11416],[6874,11456]],"size":[2,2,523],"rotations":[0,0,0],"colors":[7122329,6396809,8434380,6990537]}]