[{"id":12590,"name":"Rocks","type":10,"category":0,"actions":[],"coordinates":[[6666,11168],[6794,11200]],"size":[2,2,523],"rotations":[0,0],"colors":[7122329,6396809,8434380,6990537]},{"id":31692,"name":"Tunnel entrance","type":10,"category":0,"actions":["Climb-down"],"coordinates":[[6686,11232]],"size":[2,2,523],"rotations":[0],"colors":[7122329,6396809,8434380,6990537]},{"id":12589,"name":"Rock","type":10,"category":0,"actions":[],"coordinates":[[6700,11162],[6748,11190],[6764,11186],[6812,11258],[6812,11218]],"size":[1,1,523],"rotations":[0,0,0,0,0],"colors":[7122329,6396809,8434380,6990537]},{"id":12588,"name":"Rock","type":10,"category":0,"actions":[],"coordinates":[[6730,11172]],"size":[2,2,523],"rotations":[0],"colors":[7122329,6396809,8434380,6990537]},{"id":31697,"name":"Rocks","type":10,"category":0,"actions":["Climb"],"coordinates":[[6752,11226]],"size":[1,1,523],"rotations":[0],"colors":[7122329,6396809,8434380,6990537]},{"id":31699,"name":"Stepping stone","type":22,"category":0,"actions":["Cross"],"coordinates":[[6816,11230],[6824,11230]],"size":[1,1,523],"rotations":[0,0],"colors":[7122329,6396809,8434380,6990537]},{"id":6299,"name":"Skeleton","type":10,"category":0,"actions":[],"coordinates":[[6820,11052]],"size":[2,1,523],"rotations":[3],"colors":[7122329,6396809,8434380,6990537]},{"id":31696,"name":"Crevice","type":0,"category":0,"actions":["Enter"],"coordinates":[[6844,11146]],"size":[1,1,523],"rotations":[0],"colors":[7122329,6396809,8434380,6990537]},{"id":31695,"name":"Crevice","type":0,"category":0,"actions":["Enter"],"coordinates":[[6844,11138]],"size":[1,1,523],"rotations":[0],"colors":[7122329,6396809,8434380,6990537]},{"id":6297,"name":"Skeleton","type":10,"category":0,"actions":[],"coordinates":[[6864,11186]],"size":[1,1,523],"rotations":[0],"colors":[7122329,6396809,8434380,6990537]}]