[{"id":27886,"name":"Arcane crystal","type":10,"category":0,"actions":[],"coordinates":[[6658,35212],[6658,35176],[6658,35116],[6662,35192],[6674,35204],[6674,35160],[6674,35128],[6674,35112],[6678,35180],[6686,35084],[6690,35144],[6702,35128],[6706,35092],[6714,35152],[6714,35072],[6738,35092]],"size":[2,2,523],"rotations":[0,0,0,0,0,0,0,0,0,0,0,0,0,0,0,0],"colors":[7122329,6396809,8434380,6990537]},{"id":27882,"name":"Arcane crystal","type":10,"category":0,"actions":[],"coordinates":[[6664,35082],[6700,35166],[6724,35106]],"size":[3,3,523],"rotations":[0,0,0],"colors":[7122329,6396809,8434380,6990537]},{"id":7044,"name":"Buffers","type":10,"category":0,"actions":[],"coordinates":[[6672,35102]],"size":[1,1,523],"rotations":[0],"colors":[7122329,6396809,8434380,6990537]},{"id":8887,"name":"Track","type":22,"category":0,"actions":[],"coordinates":[[6676,35102],[6680,35102],[6684,35102]],"size":[1,1,523],"rotations":[0,0,0],"colors":[7122329,6396809,8434380,6990537]},{"id":28837,"name":"Control panel","type":10,"category":0,"actions":[],"coordinates":[[6676,35094]],"size":[1,1,523],"rotations":[0],"colors":[7122329,6396809,8434380,6990537]},{"id":28835,"name":"Minecart","type":10,"category":0,"actions":["Travel"],"coordinates":[[6680,35102]],"size":[1,1,523],"rotations":[0],"colors":[7122329,6396809,8434380,6990537]},{"id":28459,"name":"Door","type":0,"category":908,"actions":["Open"],"coordinates":[[6712,35294]],"size":[1,1,523],"rotations":[0],"colors":[7122329,6396809,8434380,6990537]},{"id":28461,"name":"Door","type":0,"category":909,"actions":["Open"],"coordinates":[[6712,35290]],"size":[1,1,523],"rotations":[0],"colors":[7122329,6396809,8434380,6990537]},{"id":28456,"name":"Door","type":0,"category":908,"actions":["Open"],"coordinates":[[6712,35222]],"size":[1,1,523],"rotations":[0],"colors":[7122329,6396809,8434380,6990537]},{"id":28462,"name":"Door","type":0,"category":909,"actions":["Open"],"coordinates":[[6712,35218]],"size":[1,1,523],"rotations":[0],"colors":[7122329,6396809,8434380,6990537]},{"id":27854,"name":"Stairs","type":10,"category":638,"actions":["Climb"],"coordinates":[[6720,35296],[6720,35224]],"size":[2,3,523],"rotations":[1,1],"colors":[7122329,6396809,8434380,6990537]},{"id":27853,"name":"Stairs","type":10,"category":638,"actions":["Climb"],"coordinates":[[6720,35288],[6720,35216]],"size":[2,3,523],"rotations":[1,1],"colors":[7122329,6396809,8434380,6990537]},{"id":27851,"name":"Stairs","type":10,"category":638,"actions":["Climb"],"coordinates":[[6772,35256]],"size":[2,3,523],"rotations":[3],"colors":[7122329,6396809,8434380,6990537]},{"id":27888,"name":"Blood crystal","type":10,"category":0,"actions":[],"coordinates":[[6786,35112],[6802,35080],[6814,35120],[6830,35148],[6854,35168]],"size":[2,2,523],"rotations":[0,0,0,0,0],"colors":[7122329,6396809,8434380,6990537]},{"id":27978,"name":"Blood Altar","type":10,"category":0,"actions":["Bind"],"coordinates":[[6866,35112]],"size":[4,4,523],"rotations":[0],"colors":[7122329,6396809,8434380,6990537]}]