[{"id":18452,"name":"Wreck","type":10,"category":0,"actions":[],"coordinates":[[6664,27572],[6706,27446],[6730,27614],[6756,27572],[6776,27496],[6798,27530],[6848,27644],[6860,27520]],"size":[3,2,523],"rotations":[2,1,1,0,2,3,2,2],"colors":[7122329,6396809,8434380,6990537]},{"id":9519,"name":"Barrel","type":10,"category":0,"actions":[],"coordinates":[[6668,27630],[6668,27626],[6768,27602],[6772,27602],[6816,27594],[6820,27594]],"size":[1,1,523],"rotations":[0,0,0,0,0,0],"colors":[7122329,6396809,8434380,6990537]},{"id":272,"name":"Ship's ladder","type":10,"category":0,"actions":["Climb-up"],"coordinates":[[6672,27638],[6780,27598]],"size":[1,1,523],"rotations":[0,0],"colors":[7122329,6396809,8434380,6990537]},{"id":31817,"name":"White Knight","type":10,"category":0,"actions":[],"coordinates":[[6674,27624]],"size":[2,2,523],"rotations":[0],"colors":[7122329,6396809,8434380,6990537]},{"id":260,"name":"Figurehead","type":10,"category":0,"actions":[],"coordinates":[[6672,27612],[6754,27598]],"size":[2,1,523],"rotations":[1,0],"colors":[7122329,6396809,8434380,6990537]},{"id":32316,"name":"Debris","type":22,"category":0,"actions":["Cross"],"coordinates":[[6676,27590],[6712,27478],[6768,27482]],"size":[1,1,523],"rotations":[0,0,0],"colors":[7122329,6396809,8434380,6990537]},{"id":32317,"name":"Debris","type":22,"category":0,"actions":["Cross"],"coordinates":[[6676,27482],[6796,27566],[6836,27510],[6836,27490]],"size":[1,1,523],"rotations":[0,0,0,0],"colors":[7122329,6396809,8434380,6990537]},{"id":32322,"name":"Rope ladder","type":10,"category":0,"actions":["Climb-up"],"coordinates":[[6692,27590]],"size":[1,1,523],"rotations":[0],"colors":[7122329,6396809,8434380,6990537]},{"id":18463,"name":"Crate","type":10,"category":0,"actions":[],"coordinates":[[6738,27524],[6762,27432]],"size":[2,2,523],"rotations":[0,0],"colors":[7122329,6396809,8434380,6990537]},{"id":25156,"name":"Fire","type":10,"category":0,"actions":[],"coordinates":[[6740,27470],[6744,27486],[6764,27594]],"size":[1,1,523],"rotations":[0,0,0],"colors":[7122329,6396809,8434380,6990537]},{"id":32307,"name":"<col=ffff00>Fremennik warrior</col>","type":10,"category":0,"actions":[],"coordinates":[[6750,27490]],"size":[2,1,523],"rotations":[2],"colors":[7122329,6396809,8434380,6990537]},{"id":18462,"name":"Crate","type":10,"category":0,"actions":[],"coordinates":[[6754,27628],[6858,27444]],"size":[2,2,523],"rotations":[0,0],"colors":[7122329,6396809,8434380,6990537]},{"id":822,"name":"Cannonballs","type":10,"category":0,"actions":[],"coordinates":[[6764,27590],[6772,27594],[6788,27606],[6800,27594],[6808,27602]],"size":[1,1,523],"rotations":[0,0,0,0,0],"colors":[7122329,6396809,8434380,6990537]},{"id":821,"name":"Cannon","type":10,"category":0,"actions":[],"coordinates":[[6768,27604],[6768,27592],[6776,27604],[6776,27592],[6792,27604]],"size":[1,2,523],"rotations":[0,2,0,2,0],"colors":[7122329,6396809,8434380,6990537]},{"id":25155,"name":"Fire","type":10,"category":0,"actions":[],"coordinates":[[6782,27604]],"size":[2,2,523],"rotations":[0],"colors":[7122329,6396809,8434380,6990537]},{"id":46322,"name":"Soldier","type":10,"category":0,"actions":[],"coordinates":[[6798,27604]],"size":[2,2,523],"rotations":[0],"colors":[7122329,6396809,8434380,6990537]},{"id":9535,"name":"Crates","type":10,"category":2307,"actions":["Search"],"coordinates":[[6796,27598]],"size":[1,1,523],"rotations":[0],"colors":[7122329,6396809,8434380,6990537]},{"id":9521,"name":"Barrel","type":10,"category":0,"actions":[],"coordinates":[[6800,27602]],"size":[1,1,523],"rotations":[0],"colors":[7122329,6396809,8434380,6990537]},{"id":245,"name":"Ship's ladder","type":10,"category":0,"actions":["Climb-up"],"coordinates":[[6804,27606],[6804,27590]],"size":[1,1,523],"rotations":[0,0],"colors":[7122329,6396809,8434380,6990537]},{"id":32323,"name":"Rope ladder","type":10,"category":0,"actions":["Climb-up"],"coordinates":[[6816,27474]],"size":[1,1,523],"rotations":[0],"colors":[7122329,6396809,8434380,6990537]},{"id":9534,"name":"Crate","type":10,"category":209,"actions":["Search"],"coordinates":[[6820,27602]],"size":[1,1,523],"rotations":[0],"colors":[7122329,6396809,8434380,6990537]},{"id":32308,"name":"<col=ffff00>Fremennik warrior</col>","type":10,"category":0,"actions":[],"coordinates":[[6826,27550]],"size":[2,1,523],"rotations":[2],"colors":[7122329,6396809,8434380,6990537]},{"id":32309,"name":"Damaged Mast","type":10,"category":0,"actions":[],"coordinates":[[6832,27546]],"size":[1,1,523],"rotations":[0],"colors":[7122329,6396809,8434380,6990537]}]