[{"id":18463,"name":"Crate","type":10,"category":0,"actions":[],"coordinates":[[6662,27828],[6730,27696],[6746,27824],[6866,27776]],"size":[2,2,523],"rotations":[0,0,0,0],"colors":[7122329,6396809,8434380,6990537]},{"id":32316,"name":"Debris","type":22,"category":0,"actions":["Cross"],"coordinates":[[6664,27762],[6672,27670]],"size":[1,1,523],"rotations":[0,0],"colors":[7122329,6396809,8434380,6990537]},{"id":245,"name":"Ship's ladder","type":10,"category":0,"actions":["Climb-up"],"coordinates":[[6680,27770],[6696,27770]],"size":[1,1,523],"rotations":[0,0],"colors":[7122329,6396809,8434380,6990537]},{"id":46320,"name":"Paladin","type":10,"category":0,"actions":[],"coordinates":[[6682,27756]],"size":[2,2,523],"rotations":[0],"colors":[7122329,6396809,8434380,6990537]},{"id":821,"name":"Cannon","type":10,"category":0,"actions":[],"coordinates":[[6682,27750],[6682,27742],[6682,27734],[6694,27750],[6694,27742]],"size":[1,2,523],"rotations":[1,1,1,3,3],"colors":[7122329,6396809,8434380,6990537]},{"id":9534,"name":"Crate","type":10,"category":209,"actions":["Search"],"coordinates":[[6684,27786]],"size":[1,1,523],"rotations":[0],"colors":[7122329,6396809,8434380,6990537]},{"id":9521,"name":"Barrel","type":10,"category":0,"actions":[],"coordinates":[[6684,27766]],"size":[1,1,523],"rotations":[0],"colors":[7122329,6396809,8434380,6990537]},{"id":9519,"name":"Barrel","type":10,"category":0,"actions":[],"coordinates":[[6684,27738],[6684,27734],[6692,27786],[6692,27782]],"size":[1,1,523],"rotations":[0,0,0,0],"colors":[7122329,6396809,8434380,6990537]},{"id":25156,"name":"Fire","type":10,"category":0,"actions":[],"coordinates":[[6684,27738]],"size":[1,1,523],"rotations":[0],"colors":[7122329,6396809,8434380,6990537]},{"id":822,"name":"Cannonballs","type":10,"category":0,"actions":[],"coordinates":[[6684,27730],[6692,27754],[6692,27738],[6696,27730]],"size":[1,1,523],"rotations":[0,0,0,0],"colors":[7122329,6396809,8434380,6990537]},{"id":9535,"name":"Crates","type":10,"category":2307,"actions":["Search"],"coordinates":[[6688,27762]],"size":[1,1,523],"rotations":[0],"colors":[7122329,6396809,8434380,6990537]},{"id":31815,"name":"Paladin","type":10,"category":0,"actions":[],"coordinates":[[6690,27732]],"size":[2,2,523],"rotations":[0],"colors":[7122329,6396809,8434380,6990537]},{"id":260,"name":"Figurehead","type":10,"category":0,"actions":[],"coordinates":[[6688,27720]],"size":[2,1,523],"rotations":[1],"colors":[7122329,6396809,8434380,6990537]},{"id":18452,"name":"Wreck","type":10,"category":0,"actions":[],"coordinates":[[6700,27860],[6848,27816]],"size":[3,2,523],"rotations":[2,2],"colors":[7122329,6396809,8434380,6990537]},{"id":18462,"name":"Crate","type":10,"category":0,"actions":[],"coordinates":[[6718,27732],[6806,27844],[6818,27688]],"size":[2,2,523],"rotations":[0,0,0],"colors":[7122329,6396809,8434380,6990537]},{"id":32308,"name":"<col=ffff00>Fremennik warrior</col>","type":10,"category":0,"actions":[],"coordinates":[[6770,27790],[6770,27750],[6822,27742]],"size":[2,1,523],"rotations":[2,2,2],"colors":[7122329,6396809,8434380,6990537]},{"id":32309,"name":"Damaged Mast","type":10,"category":0,"actions":[],"coordinates":[[6780,27790],[6828,27734]],"size":[1,1,523],"rotations":[0,0],"colors":[7122329,6396809,8434380,6990537]},{"id":32304,"name":"Mast","type":10,"category":0,"actions":[],"coordinates":[[6780,27758]],"size":[1,1,523],"rotations":[0],"colors":[7122329,6396809,8434380,6990537]},{"id":32307,"name":"<col=ffff00>Fremennik warrior</col>","type":10,"category":0,"actions":[],"coordinates":[[6790,27782],[6790,27758],[6834,27726]],"size":[2,1,523],"rotations":[2,2,2],"colors":[7122329,6396809,8434380,6990537]}]