[{"id":41764,"name":"Crate","type":10,"category":0,"actions":[],"coordinates":[[6686,26812],[6750,26732],[6814,26776],[6814,26716],[6842,26720]],"size":[2,2,523],"rotations":[0,0,0,0,0],"colors":[7122329,6396809,8434380,6990537]},{"id":41763,"name":"Crate","type":10,"category":0,"actions":[],"coordinates":[[6686,26740],[6722,26700],[6738,26788]],"size":[2,2,523],"rotations":[0,0,0],"colors":[7122329,6396809,8434380,6990537]},{"id":41807,"name":"Portal","type":10,"category":0,"actions":["Escape","Quick-escape"],"coordinates":[[6760,26752]],"size":[4,1,523],"rotations":[1],"colors":[7122329,6396809,8434380,6990537]}]