[{"id":41425,"name":"Crates","type":10,"category":0,"actions":[],"coordinates":[[6980,10698]],"size":[1,1,523],"rotations":[0],"colors":[7122329,6396809,8434380,6990537]},{"id":41424,"name":"Crate","type":10,"category":0,"actions":[],"coordinates":[[6980,10694]],"size":[1,1,523],"rotations":[0],"colors":[7122329,6396809,8434380,6990537]},{"id":28932,"name":"Asgarnian Ale","type":11,"category":0,"actions":[],"coordinates":[[6980,10678]],"size":[1,1,523],"rotations":[0],"colors":[7122329,6396809,8434380,6990537]},{"id":27546,"name":"Stool","type":10,"category":0,"actions":[],"coordinates":[[6984,10686],[6992,10694],[6992,10682]],"size":[1,1,523],"rotations":[0,0,0],"colors":[7122329,6396809,8434380,6990537]},{"id":27544,"name":"Table","type":10,"category":157,"actions":[],"coordinates":[[6990,10688]],"size":[2,2,523],"rotations":[0],"colors":[7122329,6396809,8434380,6990537]},{"id":27535,"name":"Shelves","type":10,"category":0,"actions":[],"coordinates":[[6988,10678]],"size":[1,1,523],"rotations":[0],"colors":[7122329,6396809,8434380,6990537]},{"id":27521,"name":"Empty basket","type":11,"category":0,"actions":[],"coordinates":[[6996,10678],[7000,10678]],"size":[1,1,523],"rotations":[0,0],"colors":[7122329,6396809,8434380,6990537]},{"id":41428,"name":"Ladder","type":10,"category":0,"actions":["Climb-up"],"coordinates":[[7000,10698]],"size":[1,1,523],"rotations":[0],"colors":[7122329,6396809,8434380,6990537]},{"id":27540,"name":"Cupboard","type":10,"category":0,"actions":[],"coordinates":[[7000,10690]],"size":[1,1,523],"rotations":[0],"colors":[7122329,6396809,8434380,6990537]},{"id":27543,"name":"Pots","type":10,"category":0,"actions":[],"coordinates":[[7000,10682]],"size":[1,1,523],"rotations":[0],"colors":[7122329,6396809,8434380,6990537]}]