[{"id":872,"name":"Large sewer pipe","type":10,"category":0,"actions":[],"coordinates":[[6916,9950],[6960,9838],[6960,9770],[6964,9966],[6976,9734],[6992,9898],[6992,9818],[7012,9910],[7012,9826],[7028,9954],[7028,9762],[7096,9954],[7124,9762],[7128,9974],[7144,9874],[7144,9794]],"size":[1,1,523],"rotations":[0,0,0,0,0,0,0,0,0,0,0,0,0,0,0,0],"colors":[7122329,6396809,8434380,6990537]},{"id":16003,"name":"Barrel","type":10,"category":0,"actions":[],"coordinates":[[7044,9922],[7048,9926],[7052,9882],[7084,9918]],"size":[1,1,523],"rotations":[0,0,0,0],"colors":[7122329,6396809,8434380,6990537]},{"id":18171,"name":"Washbasin","type":10,"category":0,"actions":[],"coordinates":[[7044,9888]],"size":[2,1,523],"rotations":[3],"colors":[7122329,6396809,8434380,6990537]},{"id":23062,"name":"Tent","type":11,"category":0,"actions":[],"coordinates":[[7048,9866],[7108,9918],[7108,9822],[7108,9802]],"size":[3,3,523],"rotations":[0,0,0,0],"colors":[7122329,6396809,8434380,6990537]},{"id":9519,"name":"Barrel","type":11,"category":0,"actions":[],"coordinates":[[7044,9834]],"size":[1,1,523],"rotations":[0],"colors":[7122329,6396809,8434380,6990537]},{"id":5351,"name":"Bar","type":10,"category":0,"actions":[],"coordinates":[[7048,9914],[7048,9906],[7048,9902]],"size":[1,1,523],"rotations":[0,0,0],"colors":[7122329,6396809,8434380,6990537]},{"id":5350,"name":"Bar pumps","type":10,"category":0,"actions":[],"coordinates":[[7048,9910]],"size":[1,1,523],"rotations":[0],"colors":[7122329,6396809,8434380,6990537]},{"id":31712,"name":"Fish stall","type":10,"category":0,"actions":["Steal-from"],"coordinates":[[7050,9848]],"size":[2,2,523],"rotations":[0],"colors":[7122329,6396809,8434380,6990537]},{"id":9520,"name":"Barrel","type":10,"category":0,"actions":[],"coordinates":[[7048,9842]],"size":[1,1,523],"rotations":[0],"colors":[7122329,6396809,8434380,6990537]},{"id":422,"name":"Bed","type":10,"category":0,"actions":[],"coordinates":[[7048,9824],[7072,9800],[7112,9840]],"size":[1,2,523],"rotations":[2,0,0],"colors":[7122329,6396809,8434380,6990537]},{"id":11491,"name":"Large Table","type":10,"category":156,"actions":[],"coordinates":[[7048,9804],[7058,9894],[7060,9908],[7072,9820]],"size":[2,1,523],"rotations":[1,2,1,1],"colors":[7122329,6396809,8434380,6990537]},{"id":9535,"name":"Crates","type":10,"category":2307,"actions":["Search"],"coordinates":[[7052,9830],[7100,9834]],"size":[1,1,523],"rotations":[0,0],"colors":[7122329,6396809,8434380,6990537]},{"id":9534,"name":"Crate","type":11,"category":209,"actions":["Search"],"coordinates":[[7052,9794]],"size":[1,1,523],"rotations":[0],"colors":[7122329,6396809,8434380,6990537]},{"id":27724,"name":"Range","type":10,"category":687,"actions":["Cook"],"coordinates":[[7060,9882]],"size":[1,1,523],"rotations":[0],"colors":[7122329,6396809,8434380,6990537]},{"id":31709,"name":"Doorway","type":0,"category":0,"actions":["Go-through"],"coordinates":[[7060,9834]],"size":[1,1,523],"rotations":[0],"colors":[7122329,6396809,8434380,6990537]},{"id":2097,"name":"Anvil","type":10,"category":772,"actions":["Smith"],"coordinates":[[7064,9798]],"size":[1,1,523],"rotations":[0],"colors":[7122329,6396809,8434380,6990537]},{"id":23061,"name":"Tent","type":10,"category":0,"actions":[],"coordinates":[[7090,9918],[7094,9798],[7106,9866]],"size":[2,3,523],"rotations":[0,2,2],"colors":[7122329,6396809,8434380,6990537]},{"id":3769,"name":"Fire","type":10,"category":152,"actions":[],"coordinates":[[7090,9888],[7094,9816]],"size":[2,2,523],"rotations":[0,0],"colors":[7122329,6396809,8434380,6990537]},{"id":10498,"name":"Warehouse shelves","type":10,"category":0,"actions":[],"coordinates":[[7100,9850]],"size":[1,1,523],"rotations":[0],"colors":[7122329,6396809,8434380,6990537]},{"id":10495,"name":"Warehouse shelves","type":10,"category":0,"actions":[],"coordinates":[[7104,9850]],"size":[1,1,523],"rotations":[0],"colors":[7122329,6396809,8434380,6990537]},{"id":26797,"name":"Poll booth","type":10,"category":761,"actions":["Use"],"coordinates":[[7104,9834]],"size":[1,1,523],"rotations":[0],"colors":[7122329,6396809,8434380,6990537]},{"id":10497,"name":"Warehouse shelves","type":10,"category":0,"actions":[],"coordinates":[[7108,9850]],"size":[1,1,523],"rotations":[0],"colors":[7122329,6396809,8434380,6990537]}]