[{"id":49433,"name":"Chest","type":10,"category":0,"actions":["Search"],"coordinates":[[6920,24822],[6920,24630],[6924,24646],[7060,24658],[7100,24762],[7156,24654]],"size":[1,1,523],"rotations":[0,0,0,0,0,0],"colors":[7122329,6396809,8434380,6990537]},{"id":49356,"name":"Brain matter","type":10,"category":0,"actions":[],"coordinates":[[6920,24782],[6920,24702],[7024,24734],[7032,24590],[7068,24806],[7112,24806]],"size":[1,1,523],"rotations":[0,0,0,0,0,0],"colors":[7122329,6396809,8434380,6990537]},{"id":49438,"name":"Crate","type":10,"category":0,"actions":["Search"],"coordinates":[[6922,24756]],"size":[2,2,523],"rotations":[0],"colors":[7122329,6396809,8434380,6990537]},{"id":49414,"name":"Neural Teleporter","type":10,"category":1835,"actions":["Enter"],"coordinates":[[6920,24690]],"size":[3,1,523],"rotations":[1],"colors":[7122329,6396809,8434380,6990537]},{"id":49354,"name":"Brain matter","type":10,"category":0,"actions":[],"coordinates":[[6920,24622],[6960,24718]],"size":[1,1,523],"rotations":[0,0],"colors":[7122329,6396809,8434380,6990537]},{"id":49359,"name":"Nerve","type":10,"category":0,"actions":[],"coordinates":[[6920,24610],[7016,24774],[7036,24590],[7044,24822],[7052,24702],[7132,24822],[7140,24590],[7156,24650]],"size":[1,1,523],"rotations":[0,0,0,0,0,0,0,0],"colors":[7122329,6396809,8434380,6990537]},{"id":49416,"name":"Neural Teleporter","type":10,"category":1835,"actions":["Enter"],"coordinates":[[6920,24594]],"size":[3,1,523],"rotations":[1],"colors":[7122329,6396809,8434380,6990537]},{"id":49364,"name":"Nerves","type":10,"category":0,"actions":[],"coordinates":[[6924,24656],[7038,24786],[7156,24748],[7156,24624]],"size":[2,1,523],"rotations":[1,2,3,3],"colors":[7122329,6396809,8434380,6990537]},{"id":49410,"name":"Passage","type":10,"category":1834,"actions":["Enter"],"coordinates":[[6930,24768],[6970,24708],[7026,24748]],"size":[2,2,523],"rotations":[0,0,0],"colors":[7122329,6396809,8434380,6990537]},{"id":49363,"name":"Nerves","type":10,"category":0,"actions":[],"coordinates":[[6934,24822],[7094,24586],[7138,24774]],"size":[2,1,523],"rotations":[0,2,0],"colors":[7122329,6396809,8434380,6990537]},{"id":49388,"name":"Vent","type":10,"category":0,"actions":[],"coordinates":[[6934,24608],[7006,24796],[7094,24604],[7154,24820]],"size":[2,2,523],"rotations":[0,0,0,0],"colors":[7122329,6396809,8434380,6990537]},{"id":49362,"name":"Nerve","type":10,"category":0,"actions":[],"coordinates":[[6940,24818],[7008,24590],[7108,24790]],"size":[1,1,523],"rotations":[0,0,0],"colors":[7122329,6396809,8434380,6990537]},{"id":49360,"name":"Nerves","type":10,"category":0,"actions":[],"coordinates":[[6942,24598],[7002,24586],[7050,24718],[7058,24590],[7064,24800],[7144,24592]],"size":[2,1,523],"rotations":[2,0,2,0,3,1],"colors":[7122329,6396809,8434380,6990537]},{"id":49432,"name":"Skeleton","type":11,"category":0,"actions":[],"coordinates":[[6948,24602],[7068,24662],[7136,24794]],"size":[1,1,523],"rotations":[0,0,0],"colors":[7122329,6396809,8434380,6990537]},{"id":49415,"name":"Neural Teleporter","type":10,"category":1835,"actions":["Enter"],"coordinates":[[6964,24818]],"size":[3,1,523],"rotations":[3],"colors":[7122329,6396809,8434380,6990537]},{"id":49450,"name":"Summoning Circle","type":10,"category":0,"actions":[],"coordinates":[[6976,24642]],"size":[3,3,523],"rotations":[0],"colors":[7122329,6396809,8434380,6990537]},{"id":49355,"name":"Brain matter","type":10,"category":0,"actions":[],"coordinates":[[6976,24822],[7028,24734],[7072,24630],[7136,24822]],"size":[1,1,523],"rotations":[0,0,0,0],"colors":[7122329,6396809,8434380,6990537]},{"id":49412,"name":"Passage","type":10,"category":1834,"actions":["Enter"],"coordinates":[[6978,24600]],"size":[2,2,523],"rotations":[0],"colors":[7122329,6396809,8434380,6990537]},{"id":49367,"name":"Nerve formation","type":10,"category":0,"actions":[],"coordinates":[[7006,24684]],"size":[2,2,523],"rotations":[0],"colors":[7122329,6396809,8434380,6990537]},{"id":49361,"name":"Nerve","type":10,"category":0,"actions":[],"coordinates":[[7008,24586],[7052,24690],[7088,24762],[7144,24778]],"size":[1,1,523],"rotations":[0,0,0,0],"colors":[7122329,6396809,8434380,6990537]},{"id":49419,"name":"Passage","type":10,"category":0,"actions":[],"coordinates":[[7022,24644],[7086,24592]],"size":[2,2,523],"rotations":[0,0],"colors":[7122329,6396809,8434380,6990537]},{"id":49357,"name":"Nerve","type":10,"category":0,"actions":[],"coordinates":[[7028,24626],[7104,24638],[7156,24770]],"size":[1,1,523],"rotations":[0,0,0],"colors":[7122329,6396809,8434380,6990537]},{"id":49365,"name":"Nerves","type":10,"category":0,"actions":[],"coordinates":[[7034,24774],[7048,24696],[7102,24790]],"size":[2,1,523],"rotations":[0,1,0],"colors":[7122329,6396809,8434380,6990537]},{"id":49439,"name":"Fleshy growth","type":11,"category":0,"actions":["Inspect"],"coordinates":[[7048,24738]],"size":[1,1,523],"rotations":[0],"colors":[7122329,6396809,8434380,6990537]},{"id":49430,"name":"Skeleton","type":10,"category":1837,"actions":["Search"],"coordinates":[[7048,24642]],"size":[1,1,523],"rotations":[0],"colors":[7122329,6396809,8434380,6990537]},{"id":49366,"name":"Nerve formation","type":10,"category":0,"actions":[],"coordinates":[[7074,24728],[7110,24636]],"size":[2,2,523],"rotations":[0,0],"colors":[7122329,6396809,8434380,6990537]},{"id":49183,"name":"Nerve Ending (Air)","type":10,"category":1807,"actions":["Break"],"coordinates":[[7080,24702],[7156,24714]],"size":[1,1,523],"rotations":[0,0],"colors":[7122329,6396809,8434380,6990537]},{"id":49184,"name":"Nerve Ending (Water)","type":10,"category":1807,"actions":["Break"],"coordinates":[[7088,24686],[7100,24726]],"size":[1,1,523],"rotations":[0,0],"colors":[7122329,6396809,8434380,6990537]},{"id":49185,"name":"Nerve Ending (Fire)","type":10,"category":1807,"actions":["Break"],"coordinates":[[7092,24698],[7108,24742]],"size":[1,1,523],"rotations":[0,0],"colors":[7122329,6396809,8434380,6990537]},{"id":49425,"name":"Crate","type":10,"category":0,"actions":["Search"],"coordinates":[[7098,24636]],"size":[2,2,523],"rotations":[0],"colors":[7122329,6396809,8434380,6990537]},{"id":49420,"name":"Chest","type":11,"category":1836,"actions":["Search"],"coordinates":[[7100,24590]],"size":[1,1,523],"rotations":[0],"colors":[7122329,6396809,8434380,6990537]},{"id":49186,"name":"Nerve Ending (Mind)","type":10,"category":1807,"actions":["Break"],"coordinates":[[7104,24670],[7140,24670]],"size":[1,1,523],"rotations":[0,0],"colors":[7122329,6396809,8434380,6990537]},{"id":49445,"name":"Smoke Nerve Ending (Broken)","type":10,"category":1839,"actions":["Repair"],"coordinates":[[7112,24706]],"size":[1,1,523],"rotations":[0],"colors":[7122329,6396809,8434380,6990537]},{"id":49448,"name":"Lava Nerve Ending (Broken)","type":10,"category":1839,"actions":["Repair"],"coordinates":[[7116,24690]],"size":[1,1,523],"rotations":[0],"colors":[7122329,6396809,8434380,6990537]},{"id":49427,"name":"Skeleton","type":10,"category":1837,"actions":["Search"],"coordinates":[[7116,24638]],"size":[1,1,523],"rotations":[0],"colors":[7122329,6396809,8434380,6990537]},{"id":49182,"name":"Nerve Ending (Earth)","type":10,"category":1807,"actions":["Break"],"coordinates":[[7120,24670],[7136,24738],[7156,24690]],"size":[1,1,523],"rotations":[0,0,0],"colors":[7122329,6396809,8434380,6990537]},{"id":49368,"name":"Nerve formation","type":10,"category":0,"actions":[],"coordinates":[[7130,24796]],"size":[2,2,523],"rotations":[0],"colors":[7122329,6396809,8434380,6990537]},{"id":49411,"name":"Passage","type":10,"category":1834,"actions":["Enter"],"coordinates":[[7130,24748],[7134,24664]],"size":[2,2,523],"rotations":[0,0],"colors":[7122329,6396809,8434380,6990537]},{"id":49446,"name":"Steam Nerve Ending (Broken)","type":10,"category":1839,"actions":["Repair"],"coordinates":[[7132,24710]],"size":[1,1,523],"rotations":[0],"colors":[7122329,6396809,8434380,6990537]},{"id":49447,"name":"Dust Nerve Ending (Broken)","type":10,"category":1839,"actions":["Repair"],"coordinates":[[7136,24698]],"size":[1,1,523],"rotations":[0],"colors":[7122329,6396809,8434380,6990537]},{"id":49423,"name":"Shipwreck","type":10,"category":0,"actions":["Burn"],"coordinates":[[7150,24608]],"size":[6,4,523],"rotations":[3],"colors":[7122329,6396809,8434380,6990537]},{"id":49358,"name":"Nerve","type":10,"category":0,"actions":[],"coordinates":[[7152,24750]],"size":[1,1,523],"rotations":[0],"colors":[7122329,6396809,8434380,6990537]},{"id":49413,"name":"Neural Teleporter","type":10,"category":1835,"actions":["Enter"],"coordinates":[[7156,24758]],"size":[3,1,523],"rotations":[3],"colors":[7122329,6396809,8434380,6990537]},{"id":49426,"name":"Skeleton","type":10,"category":1837,"actions":["Search"],"coordinates":[[7156,24634]],"size":[1,1,523],"rotations":[0],"colors":[7122329,6396809,8434380,6990537]},{"id":49408,"name":"Passage","type":10,"category":1833,"actions":["Exit","Quick-exit"],"coordinates":[[7160,24808]],"size":[1,2,523],"rotations":[0],"colors":[7122329,6396809,8434380,6990537]}]