[{"id":51793,"name":"Rockslide","type":10,"category":0,"actions":[],"coordinates":[[7014,39804],[7018,39808],[7018,39744],[7026,39808],[7030,39740],[7042,39748],[7058,39748],[7062,39732],[7078,39828]],"size":[2,2,523],"rotations":[0,0,0,0,0,0,0,0,0],"colors":[7122329,6396809,8434380,6990537]},{"id":13703,"name":"Tree","type":10,"category":0,"actions":[],"coordinates":[[7014,39784],[7018,39804]],"size":[2,2,523],"rotations":[0,0],"colors":[7122329,6396809,8434380,6990537]},{"id":58883,"name":"Rock","type":10,"category":0,"actions":[],"coordinates":[[7012,39778],[7032,39798],[7032,39758]],"size":[1,1,523],"rotations":[0,0,0],"colors":[7122329,6396809,8434380,6990537]},{"id":1314,"name":"Plant","type":10,"category":0,"actions":[],"coordinates":[[7014,39762],[7020,39792],[7022,39742],[7026,39746],[7032,39816],[7044,39744],[7060,39824]],"size":[3,2,523],"rotations":[3,0,1,3,0,0,2],"colors":[7122329,6396809,8434380,6990537]},{"id":1402,"name":"Jungle plant","type":10,"category":0,"actions":[],"coordinates":[[7014,39748],[7050,39744]],"size":[2,2,523],"rotations":[0,0],"colors":[7122329,6396809,8434380,6990537]},{"id":1400,"name":"Jungle plant","type":10,"category":0,"actions":[],"coordinates":[[7018,39768]],"size":[2,2,523],"rotations":[0],"colors":[7122329,6396809,8434380,6990537]},{"id":58904,"name":"Hole","type":10,"category":2309,"actions":["Build-trap"],"coordinates":[[7024,39778],[7028,39786],[7028,39770],[7036,39790],[7036,39766]],"size":[1,1,523],"rotations":[0,0,0,0,0],"colors":[7122329,6396809,8434380,6990537]},{"id":51791,"name":"Rockslide","type":10,"category":0,"actions":[],"coordinates":[[7026,39732],[7050,39740]],"size":[2,2,523],"rotations":[0,0],"colors":[7122329,6396809,8434380,6990537]},{"id":60016,"name":"Cave","type":10,"category":0,"actions":[],"coordinates":[[7032,39748]],"size":[4,3,523],"rotations":[3],"colors":[7122329,6396809,8434380,6990537]},{"id":7397,"name":"Leafy tree","type":10,"category":0,"actions":[],"coordinates":[[7042,39796]],"size":[2,2,523],"rotations":[0],"colors":[7122329,6396809,8434380,6990537]},{"id":60514,"name":"Tarnished chest","type":10,"category":2350,"actions":["Picklock"],"coordinates":[[7048,39750]],"size":[1,1,523],"rotations":[0],"colors":[7122329,6396809,8434380,6990537]},{"id":59997,"name":"Lockbox","type":10,"category":0,"actions":["Open"],"coordinates":[[7056,39822]],"size":[1,1,523],"rotations":[0],"colors":[7122329,6396809,8434380,6990537]},{"id":51790,"name":"Rockslide","type":10,"category":0,"actions":[],"coordinates":[[7058,39740]],"size":[2,2,523],"rotations":[0],"colors":[7122329,6396809,8434380,6990537]},{"id":59834,"name":"Mooring point","type":10,"category":2340,"actions":["Board","Board-previous","Board-friend"],"coordinates":[[7060,39798]],"size":[1,1,523],"rotations":[0],"colors":[7122329,6396809,8434380,6990537]},{"id":51792,"name":"Rockslide","type":10,"category":0,"actions":[],"coordinates":[[7066,39744],[7070,39828]],"size":[2,2,523],"rotations":[0,0],"colors":[7122329,6396809,8434380,6990537]},{"id":59816,"name":"Buoy","type":10,"category":2339,"actions":["Dock"],"coordinates":[[7082,39764]],"size":[2,2,523],"rotations":[0],"colors":[7122329,6396809,8434380,6990537]},{"id":20372,"name":"Hollow log","type":10,"category":0,"actions":[],"coordinates":[[7090,39826]],"size":[2,1,523],"rotations":[2],"colors":[7122329,6396809,8434380,6990537]},{"id":58646,"name":"Cooking pot space","type":10,"category":2308,"actions":["Build","Inspect"],"coordinates":[[7090,39820]],"size":[2,2,523],"rotations":[0],"colors":[7122329,6396809,8434380,6990537]},{"id":44227,"name":"Bush","type":10,"category":0,"actions":[],"coordinates":[[7096,39826]],"size":[1,1,523],"rotations":[0],"colors":[7122329,6396809,8434380,6990537]},{"id":48598,"name":"Broken Boaty","type":10,"category":0,"actions":[],"coordinates":[[7104,39826]],"size":[3,3,523],"rotations":[0],"colors":[7122329,6396809,8434380,6990537]}]