[{"id":27648,"name":"Post","type":10,"category":0,"actions":[],"coordinates":[[6952,35306],[6952,35294],[6964,35306],[6964,35294]],"size":[1,1,523],"rotations":[0,0,0,0],"colors":[7122329,6396809,8434380,6990537]},{"id":27884,"name":"Blood crystal","type":11,"category":0,"actions":[],"coordinates":[[6964,35090],[7000,35130]],"size":[3,3,523],"rotations":[0,0],"colors":[7122329,6396809,8434380,6990537]},{"id":27769,"name":"Broken lobster trap","type":10,"category":0,"actions":[],"coordinates":[[6976,35282],[7076,35290]],"size":[1,1,523],"rotations":[0,0],"colors":[7122329,6396809,8434380,6990537]},{"id":27766,"name":"Broken boat","type":11,"category":0,"actions":[],"coordinates":[[6998,35282]],"size":[2,3,523],"rotations":[2],"colors":[7122329,6396809,8434380,6990537]},{"id":27676,"name":"Tin bath","type":10,"category":0,"actions":[],"coordinates":[[7016,35324]],"size":[2,1,523],"rotations":[1],"colors":[7122329,6396809,8434380,6990537]},{"id":27707,"name":"Sink","type":10,"category":175,"actions":[],"coordinates":[[7016,35312]],"size":[2,1,523],"rotations":[3],"colors":[7122329,6396809,8434380,6990537]},{"id":27634,"name":"Ladder","type":10,"category":664,"actions":["Climb"],"coordinates":[[7016,35302]],"size":[1,1,523],"rotations":[0],"colors":[7122329,6396809,8434380,6990537]},{"id":11428,"name":"Rockslide","type":10,"category":0,"actions":[],"coordinates":[[7018,35072],[7026,35076],[7034,35080],[7034,35072],[7042,35084],[7042,35076],[7050,35084],[7058,35084],[7058,35076],[7074,35088],[7090,35088],[7098,35084]],"size":[2,2,523],"rotations":[0,0,0,0,0,0,0,0,0,0,0,0],"colors":[7122329,6396809,8434380,6990537]},{"id":27678,"name":"Stool","type":11,"category":0,"actions":[],"coordinates":[[7020,35322],[7144,35322]],"size":[1,1,523],"rotations":[0,0],"colors":[7122329,6396809,8434380,6990537]},{"id":27685,"name":"Table","type":10,"category":169,"actions":[],"coordinates":[[7026,35302],[7126,35326]],"size":[1,2,523],"rotations":[3,1],"colors":[7122329,6396809,8434380,6990537]},{"id":21361,"name":"Smashed chair","type":11,"category":0,"actions":[],"coordinates":[[7024,35222]],"size":[1,1,523],"rotations":[0],"colors":[7122329,6396809,8434380,6990537]},{"id":27755,"name":"Crate","type":10,"category":0,"actions":[],"coordinates":[[7028,35322],[7124,35306]],"size":[1,1,523],"rotations":[0,0],"colors":[7122329,6396809,8434380,6990537]},{"id":27724,"name":"Range","type":10,"category":687,"actions":["Cook"],"coordinates":[[7028,35314]],"size":[1,1,523],"rotations":[0],"colors":[7122329,6396809,8434380,6990537]},{"id":27684,"name":"Chair","type":11,"category":0,"actions":[],"coordinates":[[7028,35306]],"size":[1,1,523],"rotations":[0],"colors":[7122329,6396809,8434380,6990537]},{"id":27756,"name":"Crate","type":10,"category":0,"actions":[],"coordinates":[[7032,35326],[7032,35322]],"size":[1,1,523],"rotations":[0,0],"colors":[7122329,6396809,8434380,6990537]},{"id":5358,"name":"Skeleton","type":10,"category":0,"actions":[],"coordinates":[[7032,35226]],"size":[1,1,523],"rotations":[0],"colors":[7122329,6396809,8434380,6990537]},{"id":11431,"name":"Rockslide","type":10,"category":0,"actions":[],"coordinates":[[7050,35076],[7066,35088],[7066,35080],[7070,35072],[7074,35080],[7082,35092],[7082,35084]],"size":[2,2,523],"rotations":[0,0,0,0,0,0,0],"colors":[7122329,6396809,8434380,6990537]},{"id":27764,"name":"Broken boat","type":10,"category":0,"actions":[],"coordinates":[[7054,35306]],"size":[2,3,523],"rotations":[2],"colors":[7122329,6396809,8434380,6990537]},{"id":27765,"name":"Broken boat","type":11,"category":0,"actions":[],"coordinates":[[7078,35254],[7128,35292]],"size":[2,3,523],"rotations":[0,1],"colors":[7122329,6396809,8434380,6990537]},{"id":12593,"name":"Rockslide","type":10,"category":0,"actions":[],"coordinates":[[7082,35076],[7090,35080],[7098,35076],[7106,35076]],"size":[2,2,523],"rotations":[0,0,0,0],"colors":[7122329,6396809,8434380,6990537]},{"id":27768,"name":"Broken barrel","type":10,"category":0,"actions":[],"coordinates":[[7100,35290],[7164,35250]],"size":[1,1,523],"rotations":[0,0],"colors":[7122329,6396809,8434380,6990537]},{"id":27674,"name":"Drawers","type":10,"category":0,"actions":[],"coordinates":[[7132,35312]],"size":[1,2,523],"rotations":[2],"colors":[7122329,6396809,8434380,6990537]},{"id":27758,"name":"Barrel","type":10,"category":0,"actions":[],"coordinates":[[7132,35306]],"size":[1,1,523],"rotations":[0],"colors":[7122329,6396809,8434380,6990537]},{"id":27686,"name":"Table","type":10,"category":155,"actions":[],"coordinates":[[7140,35322]],"size":[1,1,523],"rotations":[0],"colors":[7122329,6396809,8434380,6990537]},{"id":41601,"name":"Gate","type":0,"category":0,"actions":[],"coordinates":[[7148,35318]],"size":[1,1,523],"rotations":[0],"colors":[7122329,6396809,8434380,6990537]}]