[{"id":1165,"name":"Mushroom","type":10,"category":0,"actions":[],"coordinates":[[6912,26014],[6916,26010],[6916,25990]],"size":[1,1,523],"rotations":[0,0,0],"colors":[7122329,6396809,8434380,6990537]},{"id":1394,"name":"Plant","type":10,"category":0,"actions":[],"coordinates":[[6914,25976],[6914,25900],[6922,26008],[6922,25960],[6922,25896],[6926,25972],[6930,25916]],"size":[2,2,523],"rotations":[0,0,0,0,0,0,0],"colors":[7122329,6396809,8434380,6990537]},{"id":37970,"name":"Oak tree","type":10,"category":0,"actions":[],"coordinates":[[6916,25882],[6928,25890],[6940,25962],[6940,25946],[6944,26090],[6952,26026],[6952,25970],[6952,25958],[6956,25986],[6964,26046],[7008,26086],[7012,26062]],"size":[3,3,523],"rotations":[0,0,0,0,0,0,0,0,0,0,0,0],"colors":[7122329,6396809,8434380,6990537]},{"id":1088,"name":"Chair","type":10,"category":884,"actions":[],"coordinates":[[6916,26078],[6920,26074]],"size":[1,1,523],"rotations":[0,0],"colors":[7122329,6396809,8434380,6990537]},{"id":908,"name":"Magical symbol","type":7,"category":0,"actions":[],"coordinates":[[6916,26070],[6916,26034],[6936,26070],[6936,26034]],"size":[1,1,523],"rotations":[0,0,0,0],"colors":[7122329,6396809,8434380,6990537]},{"id":1166,"name":"Mushrooms","type":10,"category":0,"actions":[],"coordinates":[[6916,25994],[6920,25990]],"size":[1,1,523],"rotations":[0,0],"colors":[7122329,6396809,8434380,6990537]},{"id":604,"name":"Table","type":10,"category":154,"actions":[],"coordinates":[[6920,26090]],"size":[1,1,523],"rotations":[0],"colors":[7122329,6396809,8434380,6990537]},{"id":304,"name":"Hay bale","type":10,"category":0,"actions":["Search"],"coordinates":[[6920,26014],[6924,26014]],"size":[1,1,523],"rotations":[0,0],"colors":[7122329,6396809,8434380,6990537]},{"id":16683,"name":"Ladder","type":10,"category":0,"actions":["Climb-up"],"coordinates":[[6924,26086]],"size":[1,1,523],"rotations":[0],"colors":[7122329,6396809,8434380,6990537]},{"id":1535,"name":"Door","type":0,"category":0,"actions":["Open"],"coordinates":[[6924,26074]],"size":[1,1,523],"rotations":[0],"colors":[7122329,6396809,8434380,6990537]},{"id":907,"name":"Charms","type":6,"category":0,"actions":[],"coordinates":[[6924,26062],[6924,26042]],"size":[1,1,523],"rotations":[0,0],"colors":[7122329,6396809,8434380,6990537]},{"id":683,"name":"Grandfather Clock","type":10,"category":0,"actions":[],"coordinates":[[6928,26074]],"size":[1,1,523],"rotations":[0],"colors":[7122329,6396809,8434380,6990537]},{"id":1391,"name":"Plant","type":10,"category":0,"actions":[],"coordinates":[[6930,26008]],"size":[2,2,523],"rotations":[0],"colors":[7122329,6396809,8434380,6990537]},{"id":1102,"name":"Stool","type":10,"category":219,"actions":[],"coordinates":[[6932,26078]],"size":[1,1,523],"rotations":[0],"colors":[7122329,6396809,8434380,6990537]},{"id":595,"name":"Table","type":10,"category":156,"actions":[],"coordinates":[[6936,26052]],"size":[2,1,523],"rotations":[3],"colors":[7122329,6396809,8434380,6990537]},{"id":904,"name":"Dragon's head","type":4,"category":0,"actions":[],"coordinates":[[6940,26062],[6940,26042]],"size":[1,1,523],"rotations":[0,0],"colors":[7122329,6396809,8434380,6990537]},{"id":724,"name":"Standing torch","type":10,"category":0,"actions":[],"coordinates":[[6940,26058],[6940,26046]],"size":[1,1,523],"rotations":[0,0],"colors":[7122329,6396809,8434380,6990537]},{"id":1020,"name":"Shelf","type":4,"category":0,"actions":[],"coordinates":[[6940,26054]],"size":[1,1,523],"rotations":[0],"colors":[7122329,6396809,8434380,6990537]},{"id":1019,"name":"Shelf","type":4,"category":0,"actions":[],"coordinates":[[6940,26050]],"size":[1,1,523],"rotations":[0],"colors":[7122329,6396809,8434380,6990537]},{"id":37966,"name":"Tree","type":10,"category":0,"actions":[],"coordinates":[[6954,26088],[6962,26092]],"size":[2,2,523],"rotations":[0,0],"colors":[7122329,6396809,8434380,6990537]},{"id":11192,"name":"Rockslide","type":10,"category":0,"actions":[],"coordinates":[[6978,26104],[6986,26024],[6990,26096],[6990,26056],[6994,26104],[6994,26084],[6994,26072],[6998,26032]],"size":[2,2,523],"rotations":[0,0,0,0,0,0,0,0],"colors":[7122329,6396809,8434380,6990537]},{"id":37973,"name":"Tree","type":10,"category":0,"actions":["Chop down"],"coordinates":[[6982,26084],[6986,26092],[7006,25940],[7014,25944]],"size":[2,2,523],"rotations":[0,0,0,0],"colors":[7122329,6396809,8434380,6990537]},{"id":11190,"name":"Rockslide","type":10,"category":0,"actions":[],"coordinates":[[6986,26104]],"size":[2,2,523],"rotations":[0],"colors":[7122329,6396809,8434380,6990537]},{"id":11191,"name":"Rockslide","type":10,"category":0,"actions":[],"coordinates":[[6990,26032],[6994,26064]],"size":[2,2,523],"rotations":[0,0],"colors":[7122329,6396809,8434380,6990537]},{"id":9733,"name":"Tree","type":10,"category":0,"actions":["Chop down"],"coordinates":[[7002,26004]],"size":[2,2,523],"rotations":[0],"colors":[7122329,6396809,8434380,6990537]}]