[{"id":51869,"name":"Shrine","type":10,"category":0,"actions":[],"coordinates":[[7182,12770]],"size":[5,2,523],"rotations":[3],"colors":[7122329,6396809,8434380,6990537]},{"id":33454,"name":"Brazier","type":10,"category":0,"actions":[],"coordinates":[[7188,12778],[7188,12762]],"size":[1,1,523],"rotations":[0,0],"colors":[7122329,6396809,8434380,6990537]},{"id":14524,"name":"Skeleton","type":11,"category":0,"actions":[],"coordinates":[[7188,12766],[7208,12782]],"size":[1,1,523],"rotations":[0,0],"colors":[7122329,6396809,8434380,6990537]},{"id":39070,"name":"Statue","type":11,"category":0,"actions":[],"coordinates":[[7194,12780],[7194,12760]],"size":[2,2,523],"rotations":[0,0],"colors":[7122329,6396809,8434380,6990537]},{"id":12257,"name":"Dragon egg","type":10,"category":0,"actions":[],"coordinates":[[7208,12586],[7216,12590],[7220,12582]],"size":[1,1,523],"rotations":[0,0,0],"colors":[7122329,6396809,8434380,6990537]},{"id":48174,"name":"Barrel","type":10,"category":1818,"actions":[],"coordinates":[[7220,12742],[7224,12734],[7232,12782],[7248,12778],[7252,12758]],"size":[1,1,523],"rotations":[0,0,0,0,0],"colors":[7122329,6396809,8434380,6990537]},{"id":48159,"name":"Crate","type":11,"category":0,"actions":[],"coordinates":[[7220,12738],[7248,12762]],"size":[1,1,523],"rotations":[0,0],"colors":[7122329,6396809,8434380,6990537]},{"id":48160,"name":"Crates","type":11,"category":0,"actions":[],"coordinates":[[7228,12734],[7252,12762]],"size":[1,1,523],"rotations":[0,0],"colors":[7122329,6396809,8434380,6990537]},{"id":9515,"name":"Betty's cauldron","type":10,"category":0,"actions":[],"coordinates":[[7236,12770],[7392,12626]],"size":[1,1,523],"rotations":[0,0],"colors":[7122329,6396809,8434380,6990537]},{"id":42407,"name":"Hollow log","type":10,"category":0,"actions":[],"coordinates":[[7242,12782],[7248,12772],[7278,12610]],"size":[2,1,523],"rotations":[2,1,2],"colors":[7122329,6396809,8434380,6990537]},{"id":31798,"name":"Fire","type":10,"category":152,"actions":[],"coordinates":[[7240,12774]],"size":[1,1,523],"rotations":[0],"colors":[7122329,6396809,8434380,6990537]},{"id":47147,"name":"Cave","type":10,"category":0,"actions":["Exit"],"coordinates":[[7284,12608]],"size":[2,3,523],"rotations":[3],"colors":[7122329,6396809,8434380,6990537]},{"id":15183,"name":"Eggs","type":10,"category":0,"actions":[],"coordinates":[[7324,12786],[7336,12734],[7340,12782],[7352,12730],[7360,12786],[7384,12754],[7388,12758],[7392,12738]],"size":[1,1,523],"rotations":[0,0,0,0,0,0,0,0],"colors":[7122329,6396809,8434380,6990537]},{"id":15185,"name":"Eggs","type":10,"category":0,"actions":[],"coordinates":[[7324,12778],[7340,12778],[7352,12738],[7384,12778],[7388,12738],[7392,12754]],"size":[1,1,523],"rotations":[0,0,0,0,0,0],"colors":[7122329,6396809,8434380,6990537]},{"id":15182,"name":"Eggs","type":10,"category":0,"actions":[],"coordinates":[[7336,12738],[7352,12734]],"size":[1,1,523],"rotations":[0,0],"colors":[7122329,6396809,8434380,6990537]},{"id":15184,"name":"Eggs","type":10,"category":0,"actions":[],"coordinates":[[7356,12734],[7380,12786],[7388,12754],[7396,12738]],"size":[1,1,523],"rotations":[0,0,0,0],"colors":[7122329,6396809,8434380,6990537]},{"id":42092,"name":"Stool","type":10,"category":0,"actions":[],"coordinates":[[7388,12626]],"size":[1,1,523],"rotations":[0],"colors":[7122329,6396809,8434380,6990537]},{"id":42066,"name":"Crate","type":11,"category":0,"actions":[],"coordinates":[[7392,12634]],"size":[1,1,523],"rotations":[0],"colors":[7122329,6396809,8434380,6990537]},{"id":47970,"name":"Book","type":11,"category":0,"actions":[],"coordinates":[[7392,12630]],"size":[1,1,523],"rotations":[0],"colors":[7122329,6396809,8434380,6990537]}]