[{"id":34856,"name":"Torch","type":10,"category":0,"actions":[],"coordinates":[[7176,10730],[7180,10734],[7180,10726],[7184,10694],[7184,10658],[7212,10638],[7212,10618],[7220,10694],[7220,10658],[7232,10594],[7236,10626],[7244,10626],[7248,10594],[7272,10626],[7272,10610],[7272,10594],[7272,10578],[7272,10562],[7288,10626],[7288,10610],[7288,10594],[7288,10578],[7288,10562]],"size":[1,1,523],"rotations":[0,0,0,0,0,0,0,0,0,0,0,0,0,0,0,0,0,0,0,0,0,0,0],"colors":[7122329,6396809,8434380,6990537]},{"id":34838,"name":"Grubby Chest","type":10,"category":0,"actions":["Open","Check"],"coordinates":[[7180,10730]],"size":[1,1,523],"rotations":[0],"colors":[7122329,6396809,8434380,6990537]},{"id":34872,"name":"Broken sun altar","type":10,"category":0,"actions":["Pray-at"],"coordinates":[[7180,10628]],"size":[4,1,523],"rotations":[3],"colors":[7122329,6396809,8434380,6990537]},{"id":34870,"name":"Stone Pile","type":10,"category":0,"actions":[],"coordinates":[[7180,10622],[7184,10638],[7212,10634],[7228,10582],[7228,10542],[7252,10566],[7252,10554],[7356,10718],[7384,10714],[7392,10658],[7412,10674]],"size":[1,1,523],"rotations":[0,0,0,0,0,0,0,0,0,0,0],"colors":[7122329,6396809,8434380,6990537]},{"id":34849,"name":"Musty bookshelf","type":4,"category":0,"actions":["Search"],"coordinates":[[7184,10690],[7188,10694]],"size":[1,1,523],"rotations":[0,0],"colors":[7122329,6396809,8434380,6990537]},{"id":34850,"name":"Musty bookshelf","type":4,"category":0,"actions":["Search"],"coordinates":[[7184,10662],[7188,10658]],"size":[1,1,523],"rotations":[0,0],"colors":[7122329,6396809,8434380,6990537]},{"id":34840,"name":"Grubby Door","type":0,"category":0,"actions":["Pick-lock"],"coordinates":[[7192,10730]],"size":[1,1,523],"rotations":[0],"colors":[7122329,6396809,8434380,6990537]},{"id":34864,"name":"Staircase","type":10,"category":0,"actions":["Climb-up"],"coordinates":[[7194,10560]],"size":[2,2,523],"rotations":[0],"colors":[7122329,6396809,8434380,6990537]},{"id":34837,"name":"Altar","type":10,"category":897,"actions":["Pray-at"],"coordinates":[[7210,10628]],"size":[2,2,523],"rotations":[0],"colors":[7122329,6396809,8434380,6990537]},{"id":34842,"name":"Temple Door","type":0,"category":0,"actions":["Open"],"coordinates":[[7208,10602]],"size":[1,1,523],"rotations":[0],"colors":[7122329,6396809,8434380,6990537]},{"id":34871,"name":"Stone Pile","type":10,"category":0,"actions":[],"coordinates":[[7212,10622],[7228,10566],[7248,10582],[7252,10546],[7352,10710],[7376,10726],[7384,10710],[7384,10666],[7404,10658]],"size":[1,1,523],"rotations":[0,0,0,0,0,0,0,0,0],"colors":[7122329,6396809,8434380,6990537]},{"id":34847,"name":"Musty bookshelf","type":4,"category":0,"actions":["Search"],"coordinates":[[7216,10694],[7220,10690]],"size":[1,1,523],"rotations":[0,0],"colors":[7122329,6396809,8434380,6990537]},{"id":34848,"name":"Musty bookshelf","type":4,"category":0,"actions":["Search"],"coordinates":[[7216,10658],[7220,10662]],"size":[1,1,523],"rotations":[0,0],"colors":[7122329,6396809,8434380,6990537]},{"id":34861,"name":"Strange wall","type":10,"category":0,"actions":[],"coordinates":[[7216,10560]],"size":[1,2,523],"rotations":[0],"colors":[7122329,6396809,8434380,6990537]},{"id":1027,"name":"Tanning line","type":10,"category":0,"actions":[],"coordinates":[[7228,10626]],"size":[3,1,523],"rotations":[3],"colors":[7122329,6396809,8434380,6990537]},{"id":34846,"name":"Lever","type":10,"category":0,"actions":["Pull"],"coordinates":[[7232,10638]],"size":[1,1,523],"rotations":[0],"colors":[7122329,6396809,8434380,6990537]},{"id":1031,"name":"Mangle","type":10,"category":0,"actions":[],"coordinates":[[7232,10618]],"size":[1,1,523],"rotations":[0],"colors":[7122329,6396809,8434380,6990537]},{"id":5499,"name":"Fire","type":10,"category":152,"actions":[],"coordinates":[[7236,10702],[7272,10658],[7292,10718],[7328,10690]],"size":[1,1,523],"rotations":[0,0,0,0],"colors":[7122329,6396809,8434380,6990537]},{"id":1030,"name":"Mangle","type":10,"category":0,"actions":[],"coordinates":[[7236,10618]],"size":[1,1,523],"rotations":[0],"colors":[7122329,6396809,8434380,6990537]},{"id":34851,"name":"Stone Relief","type":10,"category":0,"actions":["Operate"],"coordinates":[[7240,10594]],"size":[3,1,523],"rotations":[2],"colors":[7122329,6396809,8434380,6990537]},{"id":14703,"name":"Skeleton","type":10,"category":0,"actions":[],"coordinates":[[7240,10690],[7256,10702],[7292,10658]],"size":[1,1,523],"rotations":[0,0,0],"colors":[7122329,6396809,8434380,6990537]},{"id":14705,"name":"Skeleton","type":10,"category":0,"actions":[],"coordinates":[[7242,10670]],"size":[2,1,523],"rotations":[0],"colors":[7122329,6396809,8434380,6990537]},{"id":34844,"name":"Door","type":0,"category":0,"actions":["Open"],"coordinates":[[7240,10650]],"size":[1,1,523],"rotations":[0],"colors":[7122329,6396809,8434380,6990537]},{"id":34874,"name":"Floor tile","type":22,"category":0,"actions":[],"coordinates":[[7240,10630],[7240,10574],[7240,10558]],"size":[1,1,523],"rotations":[0,0,0],"colors":[7122329,6396809,8434380,6990537]},{"id":34855,"name":"Sacred Bone Burner","type":10,"category":0,"actions":["Check-Faith"],"coordinates":[[7240,10626]],"size":[1,1,523],"rotations":[0],"colors":[7122329,6396809,8434380,6990537]},{"id":34854,"name":"Wall","type":0,"category":0,"actions":[],"coordinates":[[7240,10610]],"size":[1,1,523],"rotations":[0],"colors":[7122329,6396809,8434380,6990537]},{"id":14704,"name":"Skeleton","type":10,"category":0,"actions":[],"coordinates":[[7260,10718],[7324,10694]],"size":[1,1,523],"rotations":[0,0],"colors":[7122329,6396809,8434380,6990537]},{"id":34857,"name":"Dragon egg","type":10,"category":0,"actions":[],"coordinates":[[7260,10666],[7268,10698],[7284,10694],[7300,10710],[7312,10698],[7320,10710],[7320,10674]],"size":[1,1,523],"rotations":[0,0,0,0,0,0,0],"colors":[7122329,6396809,8434380,6990537]},{"id":34834,"name":"Strange floor","type":10,"category":0,"actions":["Jump-over"],"coordinates":[[7280,10646]],"size":[1,1,523],"rotations":[0],"colors":[7122329,6396809,8434380,6990537]},{"id":34843,"name":"Temple Door","type":0,"category":0,"actions":["Open"],"coordinates":[[7300,10538]],"size":[1,1,523],"rotations":[0],"colors":[7122329,6396809,8434380,6990537]},{"id":34868,"name":"Empty sac","type":10,"category":0,"actions":[],"coordinates":[[7312,10578],[7324,10638],[7348,10646],[7352,10646],[7352,10614],[7364,10614],[7388,10574]],"size":[1,1,523],"rotations":[0,0,0,0,0,0,0],"colors":[7122329,6396809,8434380,6990537]},{"id":34863,"name":"Ladder","type":10,"category":0,"actions":["Climb-up"],"coordinates":[[7320,10534]],"size":[1,1,523],"rotations":[0],"colors":[7122329,6396809,8434380,6990537]},{"id":733,"name":"Web","type":0,"category":0,"actions":["Slash"],"coordinates":[[7332,10654],[7364,10698],[7368,10698],[7396,10694],[7400,10694]],"size":[1,1,523],"rotations":[0,0,0,0,0],"colors":[7122329,6396809,8434380,6990537]},{"id":7485,"name":"Stone Pile","type":10,"category":0,"actions":[],"coordinates":[[7340,10606],[7340,10594],[7360,10614],[7360,10582],[7372,10614],[7372,10606]],"size":[1,1,523],"rotations":[0,0,0,0,0,0],"colors":[7122329,6396809,8434380,6990537]},{"id":7484,"name":"Stone Pile","type":10,"category":0,"actions":[],"coordinates":[[7340,10582],[7372,10582]],"size":[1,1,523],"rotations":[0,0],"colors":[7122329,6396809,8434380,6990537]},{"id":25443,"name":"Spiderwebs","type":10,"category":0,"actions":[],"coordinates":[[7356,10614],[7364,10582]],"size":[1,1,523],"rotations":[0,0],"colors":[7122329,6396809,8434380,6990537]},{"id":34866,"name":"Cauldron","type":10,"category":0,"actions":[],"coordinates":[[7398,10660]],"size":[2,2,523],"rotations":[0],"colors":[7122329,6396809,8434380,6990537]}]