[{"id":27723,"name":"Destroyed furniture","type":10,"category":0,"actions":[],"coordinates":[[7172,35252],[7178,35266],[7234,35246]],"size":[1,2,523],"rotations":[2,1,1],"colors":[7122329,6396809,8434380,6990537]},{"id":27698,"name":"Broken table","type":10,"category":0,"actions":[],"coordinates":[[7176,35248],[7186,35254],[7202,35246],[7242,35250]],"size":[1,2,523],"rotations":[0,3,1,1],"colors":[7122329,6396809,8434380,6990537]},{"id":27718,"name":"Bank booth","type":10,"category":684,"actions":["Bank","Collect"],"coordinates":[[7184,35266]],"size":[1,1,523],"rotations":[0],"colors":[7122329,6396809,8434380,6990537]},{"id":27696,"name":"Stairs","type":10,"category":0,"actions":[],"coordinates":[[7192,35288]],"size":[3,2,523],"rotations":[2],"colors":[7122329,6396809,8434380,6990537]},{"id":27719,"name":"Bank booth","type":10,"category":684,"actions":["Bank","Collect"],"coordinates":[[7200,35266]],"size":[1,1,523],"rotations":[0],"colors":[7122329,6396809,8434380,6990537]},{"id":27722,"name":"Destroyed furniture","type":11,"category":0,"actions":[],"coordinates":[[7208,35250],[7224,35250],[7248,35254]],"size":[1,1,523],"rotations":[0,0,0],"colors":[7122329,6396809,8434380,6990537]},{"id":27720,"name":"Bank booth","type":10,"category":684,"actions":["Bank","Collect"],"coordinates":[[7216,35266]],"size":[1,1,523],"rotations":[0],"colors":[7122329,6396809,8434380,6990537]},{"id":10529,"name":"Bank Deposit Box","type":10,"category":276,"actions":["Deposit"],"coordinates":[[7224,35290]],"size":[1,1,523],"rotations":[0],"colors":[7122329,6396809,8434380,6990537]},{"id":26797,"name":"Poll booth","type":10,"category":761,"actions":["Use"],"coordinates":[[7232,35290]],"size":[1,1,523],"rotations":[0],"colors":[7122329,6396809,8434380,6990537]},{"id":27721,"name":"Bank booth","type":10,"category":684,"actions":["Bank","Collect"],"coordinates":[[7232,35266]],"size":[1,1,523],"rotations":[0],"colors":[7122329,6396809,8434380,6990537]},{"id":27699,"name":"Till","type":10,"category":169,"actions":[],"coordinates":[[7362,35294]],"size":[1,2,523],"rotations":[1],"colors":[7122329,6396809,8434380,6990537]},{"id":27684,"name":"Chair","type":10,"category":0,"actions":[],"coordinates":[[7364,35298]],"size":[1,1,523],"rotations":[0],"colors":[7122329,6396809,8434380,6990537]},{"id":27702,"name":"Shelves","type":10,"category":0,"actions":[],"coordinates":[[7364,35278]],"size":[1,1,523],"rotations":[0],"colors":[7122329,6396809,8434380,6990537]},{"id":27701,"name":"Shelves","type":10,"category":0,"actions":[],"coordinates":[[7368,35278]],"size":[1,1,523],"rotations":[0],"colors":[7122329,6396809,8434380,6990537]},{"id":27700,"name":"Shelves","type":10,"category":0,"actions":[],"coordinates":[[7372,35278]],"size":[1,1,523],"rotations":[0],"colors":[7122329,6396809,8434380,6990537]},{"id":27648,"name":"Post","type":10,"category":0,"actions":[],"coordinates":[[7388,35306],[7388,35266],[7404,35306],[7404,35286],[7404,35266]],"size":[1,1,523],"rotations":[0,0,0,0,0],"colors":[7122329,6396809,8434380,6990537]},{"id":59341,"name":"Broken crane","type":10,"category":2317,"actions":["Chart"],"coordinates":[[7394,35240]],"size":[4,4,523],"rotations":[0],"colors":[7122329,6396809,8434380,6990537]}]