[{"id":1394,"name":"Plant","type":10,"category":0,"actions":[],"coordinates":[[7170,36028],[7190,36068],[7190,36052],[7194,36080],[7202,36088],[7206,36076],[7234,36088]],"size":[2,2,523],"rotations":[0,0,0,0,0,0,0],"colors":[7122329,6396809,8434380,6990537]},{"id":27512,"name":"Chair","type":11,"category":1461,"actions":[],"coordinates":[[7168,36014]],"size":[1,1,523],"rotations":[0],"colors":[7122329,6396809,8434380,6990537]},{"id":27513,"name":"Chair","type":11,"category":0,"actions":[],"coordinates":[[7168,35998],[7180,35982],[7212,35918]],"size":[1,1,523],"rotations":[0,0,0],"colors":[7122329,6396809,8434380,6990537]},{"id":10820,"name":"Oak tree","type":10,"category":279,"actions":["Chop down"],"coordinates":[[7176,36090],[7220,36010]],"size":[3,3,523],"rotations":[0,0],"colors":[7122329,6396809,8434380,6990537]},{"id":1393,"name":"Plant","type":10,"category":0,"actions":[],"coordinates":[[7172,36034],[7176,36062],[7176,36022],[7184,36050],[7188,36074],[7196,36050],[7200,36082],[7204,36070],[7208,36042],[7208,36022],[7212,36086],[7216,36094],[7228,36086],[7232,36094],[7240,36090]],"size":[1,1,523],"rotations":[0,0,0,0,0,0,0,0,0,0,0,0,0,0,0],"colors":[7122329,6396809,8434380,6990537]},{"id":27533,"name":"Crates","type":11,"category":0,"actions":["Search"],"coordinates":[[7176,35990],[7196,35978],[7204,35994]],"size":[1,1,523],"rotations":[0,0,0],"colors":[7122329,6396809,8434380,6990537]},{"id":27515,"name":"Table","type":10,"category":1461,"actions":[],"coordinates":[[7176,35982]],"size":[3,1,523],"rotations":[1],"colors":[7122329,6396809,8434380,6990537]},{"id":1391,"name":"Plant","type":10,"category":0,"actions":[],"coordinates":[[7178,35948],[7210,36068],[7210,35964]],"size":[2,2,523],"rotations":[0,0,0],"colors":[7122329,6396809,8434380,6990537]},{"id":28823,"name":"Fruit Stall","type":10,"category":0,"actions":["Steal-from"],"coordinates":[[7180,36000],[7204,36000]],"size":[2,1,523],"rotations":[3,1],"colors":[7122329,6396809,8434380,6990537]},{"id":27522,"name":"Apple basket","type":10,"category":0,"actions":["Search"],"coordinates":[[7180,35994],[7184,36006],[7200,36006]],"size":[1,1,523],"rotations":[0,0,0],"colors":[7122329,6396809,8434380,6990537]},{"id":27532,"name":"Crate","type":11,"category":0,"actions":["Search"],"coordinates":[[7180,35990],[7180,35978],[7212,35926]],"size":[1,1,523],"rotations":[0,0,0],"colors":[7122329,6396809,8434380,6990537]},{"id":1392,"name":"Plant","type":10,"category":0,"actions":[],"coordinates":[[7182,35940],[7194,36092],[7198,36072],[7222,35976]],"size":[2,2,523],"rotations":[0,0,0,0],"colors":[7122329,6396809,8434380,6990537]},{"id":11113,"name":"Bush","type":10,"category":0,"actions":[],"coordinates":[[7182,35856],[7194,35908],[7210,35940],[7238,36000],[7246,36064]],"size":[2,2,523],"rotations":[0,0,0,0,0],"colors":[7122329,6396809,8434380,6990537]},{"id":10834,"name":"Magic tree","type":10,"category":290,"actions":["Chop down"],"coordinates":[[7186,36024],[7198,36024]],"size":[2,2,523],"rotations":[0,0],"colors":[7122329,6396809,8434380,6990537]},{"id":10829,"name":"Willow tree","type":10,"category":286,"actions":["Chop down"],"coordinates":[[7186,35912]],"size":[2,2,523],"rotations":[0],"colors":[7122329,6396809,8434380,6990537]},{"id":27511,"name":"Bench","type":10,"category":0,"actions":[],"coordinates":[[7188,36040],[7196,36040]],"size":[2,1,523],"rotations":[1,3],"colors":[7122329,6396809,8434380,6990537]},{"id":10833,"name":"Willow tree","type":10,"category":286,"actions":["Chop down"],"coordinates":[[7190,35920]],"size":[2,2,523],"rotations":[0],"colors":[7122329,6396809,8434380,6990537]},{"id":10352,"name":"White roses","type":10,"category":0,"actions":[],"coordinates":[[7192,36042],[7192,36038]],"size":[1,1,523],"rotations":[0,0],"colors":[7122329,6396809,8434380,6990537]},{"id":7452,"name":"Door","type":0,"category":167,"actions":["Open"],"coordinates":[[7192,36010],[7192,35986],[7200,35982]],"size":[1,1,523],"rotations":[0,0,0],"colors":[7122329,6396809,8434380,6990537]},{"id":10831,"name":"Willow tree","type":10,"category":286,"actions":["Chop down"],"coordinates":[[7198,35928]],"size":[2,2,523],"rotations":[0],"colors":[7122329,6396809,8434380,6990537]},{"id":11794,"name":"Ladder","type":10,"category":664,"actions":["Climb-up"],"coordinates":[[7204,35978]],"size":[1,1,523],"rotations":[0],"colors":[7122329,6396809,8434380,6990537]},{"id":9684,"name":"Sink","type":10,"category":0,"actions":[],"coordinates":[[7208,35988]],"size":[1,2,523],"rotations":[2],"colors":[7122329,6396809,8434380,6990537]},{"id":27517,"name":"Range","type":10,"category":687,"actions":["Cook"],"coordinates":[[7208,35982]],"size":[1,1,523],"rotations":[0],"colors":[7122329,6396809,8434380,6990537]},{"id":30843,"name":"Driftwood","type":10,"category":0,"actions":[],"coordinates":[[7208,35868],[7222,35898],[7256,36048],[7258,35978],[7324,35952]],"size":[1,2,523],"rotations":[0,1,0,1,0],"colors":[7122329,6396809,8434380,6990537]},{"id":18856,"name":"Parasol","type":10,"category":0,"actions":[],"coordinates":[[7212,35922]],"size":[1,1,523],"rotations":[0],"colors":[7122329,6396809,8434380,6990537]},{"id":12588,"name":"Rock","type":10,"category":0,"actions":[],"coordinates":[[7310,35944],[7322,35876],[7334,35840],[7366,36004],[7370,35932],[7394,35860]],"size":[2,2,523],"rotations":[0,0,0,0,0,0],"colors":[7122329,6396809,8434380,6990537]},{"id":12590,"name":"Rocks","type":10,"category":0,"actions":[],"coordinates":[[7310,35880],[7326,35864],[7378,35992],[7378,35844],[7382,35960],[7398,35888]],"size":[2,2,523],"rotations":[0,0,0,0,0,0],"colors":[7122329,6396809,8434380,6990537]},{"id":12589,"name":"Rock","type":10,"category":0,"actions":[],"coordinates":[[7320,35898],[7372,36050],[7384,35910],[7388,36078]],"size":[1,1,523],"rotations":[0,0,0,0],"colors":[7122329,6396809,8434380,6990537]},{"id":59340,"name":"Discarded plough","type":10,"category":2317,"actions":["Chart"],"coordinates":[[7420,36086]],"size":[1,1,523],"rotations":[0],"colors":[7122329,6396809,8434380,6990537]}]