[{"id":25832,"name":"Chair","type":11,"category":0,"actions":[],"coordinates":[[7256,33382],[7256,33374],[7256,33366],[7260,33382],[7260,33374],[7264,33374],[7264,33366],[7268,33382],[7268,33366],[7272,33374],[7272,33366],[7284,33382],[7284,33374],[7288,33382],[7288,33366],[7292,33382],[7292,33374],[7292,33366],[7296,33382],[7296,33374],[7300,33382],[7300,33374],[7300,33366]],"size":[1,1,523],"rotations":[0,0,0,0,0,0,0,0,0,0,0,0,0,0,0,0,0,0,0,0,0,0,0],"colors":[7122329,6396809,8434380,6990537]},{"id":25945,"name":"The jury","type":10,"category":0,"actions":[],"coordinates":[[7256,33348]],"size":[2,1,523],"rotations":[3],"colors":[7122329,6396809,8434380,6990537]},{"id":25947,"name":"The jury","type":10,"category":0,"actions":[],"coordinates":[[7256,33340]],"size":[2,1,523],"rotations":[3],"colors":[7122329,6396809,8434380,6990537]},{"id":26045,"name":"Citizen","type":10,"category":0,"actions":[],"coordinates":[[7260,33366]],"size":[1,1,523],"rotations":[0],"colors":[7122329,6396809,8434380,6990537]},{"id":25944,"name":"The jury","type":10,"category":0,"actions":[],"coordinates":[[7260,33348]],"size":[2,1,523],"rotations":[3],"colors":[7122329,6396809,8434380,6990537]},{"id":25946,"name":"The jury","type":10,"category":0,"actions":[],"coordinates":[[7260,33340]],"size":[2,1,523],"rotations":[3],"colors":[7122329,6396809,8434380,6990537]},{"id":26048,"name":"Citizen","type":10,"category":0,"actions":[],"coordinates":[[7264,33382],[7296,33366]],"size":[1,1,523],"rotations":[0,0],"colors":[7122329,6396809,8434380,6990537]},{"id":26047,"name":"Citizen","type":10,"category":0,"actions":[],"coordinates":[[7268,33374]],"size":[1,1,523],"rotations":[0],"colors":[7122329,6396809,8434380,6990537]},{"id":26043,"name":"Desk","type":10,"category":154,"actions":[],"coordinates":[[7270,33342]],"size":[2,1,523],"rotations":[0],"colors":[7122329,6396809,8434380,6990537]},{"id":26051,"name":"Stairs","type":10,"category":0,"actions":[],"coordinates":[[7276,33400]],"size":[2,3,523],"rotations":[3],"colors":[7122329,6396809,8434380,6990537]},{"id":26050,"name":"Citizen","type":10,"category":0,"actions":[],"coordinates":[[7272,33382]],"size":[1,1,523],"rotations":[0],"colors":[7122329,6396809,8434380,6990537]},{"id":25955,"name":"Alan","type":10,"category":0,"actions":[],"coordinates":[[7272,33334]],"size":[1,1,523],"rotations":[0],"colors":[7122329,6396809,8434380,6990537]},{"id":26042,"name":"Gate","type":10,"category":0,"actions":["Exit"],"coordinates":[[7276,33358],[7280,33358]],"size":[1,1,523],"rotations":[0,0],"colors":[7122329,6396809,8434380,6990537]},{"id":25956,"name":"Court judge","type":10,"category":0,"actions":["Talk-to"],"coordinates":[[7278,33328]],"size":[2,2,523],"rotations":[0],"colors":[7122329,6396809,8434380,6990537]},{"id":26046,"name":"Citizen","type":10,"category":0,"actions":[],"coordinates":[[7284,33366]],"size":[1,1,523],"rotations":[0],"colors":[7122329,6396809,8434380,6990537]},{"id":26044,"name":"Desk","type":10,"category":154,"actions":[],"coordinates":[[7286,33342]],"size":[2,1,523],"rotations":[0],"colors":[7122329,6396809,8434380,6990537]},{"id":26049,"name":"Citizen","type":10,"category":0,"actions":[],"coordinates":[[7288,33374]],"size":[1,1,523],"rotations":[0],"colors":[7122329,6396809,8434380,6990537]}]