[{"id":19156,"name":"Basket","type":10,"category":0,"actions":[],"coordinates":[[7204,30866]],"size":[3,3,523],"rotations":[0],"colors":[7122329,6396809,8434380,6990537]},{"id":19126,"name":"Plank","type":10,"category":0,"actions":["Use"],"coordinates":[[7212,30862]],"size":[1,1,523],"rotations":[0],"colors":[7122329,6396809,8434380,6990537]},{"id":19164,"name":"Basket","type":11,"category":0,"actions":[],"coordinates":[[7222,30864]],"size":[2,2,523],"rotations":[0],"colors":[7122329,6396809,8434380,6990537]},{"id":19167,"name":"Tree","type":10,"category":189,"actions":[],"coordinates":[[7342,30780],[7342,30768],[7350,30772],[7350,30744],[7366,30740]],"size":[2,2,523],"rotations":[0,0,0,0,0],"colors":[7122329,6396809,8434380,6990537]},{"id":19166,"name":"Tree","type":10,"category":189,"actions":[],"coordinates":[[7342,30756],[7354,30756],[7378,30792],[7378,30780],[7390,30780],[7390,30768]],"size":[2,2,523],"rotations":[0,0,0,0,0,0],"colors":[7122329,6396809,8434380,6990537]},{"id":19125,"name":"Dirt","type":22,"category":0,"actions":["Leave"],"coordinates":[[7356,30798]],"size":[1,1,523],"rotations":[0],"colors":[7122329,6396809,8434380,6990537]},{"id":19165,"name":"Tree","type":10,"category":189,"actions":[],"coordinates":[[7366,30792],[7394,30756]],"size":[2,2,523],"rotations":[0,0],"colors":[7122329,6396809,8434380,6990537]},{"id":19162,"name":"Frame","type":11,"category":0,"actions":[],"coordinates":[[7378,30740]],"size":[2,2,523],"rotations":[0],"colors":[7122329,6396809,8434380,6990537]},{"id":19161,"name":"Basket","type":10,"category":0,"actions":[],"coordinates":[[7386,30746]],"size":[3,2,523],"rotations":[3],"colors":[7122329,6396809,8434380,6990537]}]