[{"id":5604,"name":"Rock","type":10,"category":0,"actions":[],"coordinates":[[7230,31128],[7238,31136],[7266,31168],[7322,31168],[7338,31152]],"size":[2,2,523],"rotations":[0,0,0,0,0],"colors":[7122329,6396809,8434380,6990537]},{"id":5606,"name":"Rock","type":10,"category":0,"actions":[],"coordinates":[[7230,31056],[7234,31120],[7274,31160],[7278,31056],[7334,31168]],"size":[2,2,523],"rotations":[0,0,0,0,0],"colors":[7122329,6396809,8434380,6990537]},{"id":5605,"name":"Rock","type":10,"category":0,"actions":[],"coordinates":[[7232,31062],[7240,31130],[7276,31170],[7324,31158],[7332,31162]],"size":[1,1,523],"rotations":[0,0,0,0,0],"colors":[7122329,6396809,8434380,6990537]},{"id":11305,"name":"Barrel","type":10,"category":0,"actions":[],"coordinates":[[7256,31134],[7256,31098],[7264,31134]],"size":[1,1,523],"rotations":[0,0,0],"colors":[7122329,6396809,8434380,6990537]},{"id":11322,"name":"Barrel","type":10,"category":0,"actions":[],"coordinates":[[7256,31122],[7264,31126],[7264,31122],[7292,31102],[7300,31082],[7300,31078],[7300,31066]],"size":[1,1,523],"rotations":[0,0,0,0,0,0,0],"colors":[7122329,6396809,8434380,6990537]},{"id":11246,"name":"Repair Locker","type":10,"category":0,"actions":["Open"],"coordinates":[[7256,31102]],"size":[1,1,523],"rotations":[0],"colors":[7122329,6396809,8434380,6990537]},{"id":11236,"name":"Plunder Storage","type":10,"category":0,"actions":["Count-plunder","Store-plunder"],"coordinates":[[7260,31134]],"size":[1,1,523],"rotations":[0],"colors":[7122329,6396809,8434380,6990537]},{"id":11276,"name":"Mast","type":10,"category":0,"actions":[],"coordinates":[[7260,31110],[7260,31090],[7296,31110],[7296,31090]],"size":[1,1,523],"rotations":[0,0,0,0],"colors":[7122329,6396809,8434380,6990537]},{"id":11308,"name":"Ship's ladder","type":10,"category":0,"actions":["Climb-up"],"coordinates":[[7260,31086],[7296,31114]],"size":[1,1,523],"rotations":[0,0],"colors":[7122329,6396809,8434380,6990537]},{"id":11287,"name":"Figurehead","type":10,"category":0,"actions":[],"coordinates":[[7260,31068],[7296,31132]],"size":[2,1,523],"rotations":[1,3],"colors":[7122329,6396809,8434380,6990537]},{"id":11317,"name":"Ship hull","type":10,"category":0,"actions":["Fill"],"coordinates":[[7266,31110],[7266,31102],[7266,31094]],"size":[2,1,523],"rotations":[2,2,2],"colors":[7122329,6396809,8434380,6990537]},{"id":11248,"name":"Gun Locker","type":10,"category":0,"actions":["Open"],"coordinates":[[7264,31098]],"size":[1,1,523],"rotations":[0],"colors":[7122329,6396809,8434380,6990537]},{"id":11231,"name":"Closed chest","type":10,"category":0,"actions":["Plunder"],"coordinates":[[7292,31070]],"size":[1,1,523],"rotations":[0],"colors":[7122329,6396809,8434380,6990537]},{"id":11228,"name":"Crate","type":10,"category":0,"actions":["Loot"],"coordinates":[[7296,31066]],"size":[1,1,523],"rotations":[0],"colors":[7122329,6396809,8434380,6990537]},{"id":11234,"name":"Barrel","type":10,"category":0,"actions":["Ransack"],"coordinates":[[7300,31070]],"size":[1,1,523],"rotations":[0],"colors":[7122329,6396809,8434380,6990537]}]