[{"id":13664,"name":"Infernal chart","type":5,"category":206,"actions":["Study","Remove"],"coordinates":[[7168,27610],[7168,27590],[7168,27482],[7168,27462],[7192,27614],[7192,27586],[7192,27486],[7192,27458]],"size":[1,1,523],"rotations":[0,0,0,0,0,0,0,0],"colors":[7122329,6396809,8434380,6990537]},{"id":6770,"name":"Bookcase","type":10,"category":206,"actions":["Search","Remove"],"coordinates":[[7168,27602],[7168,27598],[7168,27474],[7168,27470]],"size":[1,1,523],"rotations":[0,0,0,0],"colors":[7122329,6396809,8434380,6990537]},{"id":13658,"name":"Telescope","type":10,"category":206,"actions":["Observe","Remove"],"coordinates":[[7168,27594],[7168,27466]],"size":[1,1,523],"rotations":[0,0],"colors":[7122329,6396809,8434380,6990537]},{"id":13696,"name":"Gilded bench","type":10,"category":206,"actions":["Sit-on","Remove"],"coordinates":[[7168,27542],[7168,27538],[7168,27534],[7168,27530],[7168,27526],[7168,27522],[7196,27542],[7196,27538],[7196,27534],[7196,27530],[7196,27526],[7196,27522]],"size":[1,1,523],"rotations":[0,0,0,0,0,0,0,0,0,0,0,0],"colors":[7122329,6396809,8434380,6990537]},{"id":33419,"name":"Xeric's Talisman","type":5,"category":206,"actions":["Teleport menu","Configuration","Remove"],"coordinates":[[7172,27646],[7172,27518]],"size":[1,1,523],"rotations":[0,0],"colors":[7122329,6396809,8434380,6990537]},{"id":13655,"name":"Large orrery","type":10,"category":206,"actions":["Remove"],"coordinates":[[7176,27606],[7176,27478]],"size":[3,3,523],"rotations":[0,0],"colors":[7122329,6396809,8434380,6990537]},{"id":13673,"name":"Lever","type":10,"category":206,"actions":["Pull","Challenge-mode","Remove"],"coordinates":[[7172,27546]],"size":[1,1,523],"rotations":[0],"colors":[7122329,6396809,8434380,6990537]},{"id":6779,"name":"Wall decoration","type":5,"category":206,"actions":["Remove"],"coordinates":[[7176,27618],[7176,27518],[7176,27490],[7188,27618],[7188,27518],[7188,27490]],"size":[1,1,523],"rotations":[0,0,0,0,0,0],"colors":[7122329,6396809,8434380,6990537]},{"id":33410,"name":"Portal Nexus","type":10,"category":206,"actions":["Teleport","Teleport Menu","Configuration","Remove"],"coordinates":[[7182,27632],[7182,27504]],"size":[2,2,523],"rotations":[0,0],"colors":[7122329,6396809,8434380,6990537]},{"id":13794,"name":"Mahogany wall decoration","type":5,"category":206,"actions":["Remove"],"coordinates":[[7180,27550],[7184,27550]],"size":[1,1,523],"rotations":[0,0],"colors":[7122329,6396809,8434380,6990537]},{"id":13668,"name":"Throne","type":10,"category":206,"actions":["Sit-on","Remove"],"coordinates":[[7180,27546],[7184,27546]],"size":[1,1,523],"rotations":[0,0],"colors":[7122329,6396809,8434380,6990537]},{"id":37349,"name":"Lectern","type":10,"category":206,"actions":["Study","Remove"],"coordinates":[[7188,27606],[7188,27478]],"size":[1,1,523],"rotations":[0,0],"colors":[7122329,6396809,8434380,6990537]},{"id":13661,"name":"Crystal of power","type":10,"category":206,"actions":["Remove"],"coordinates":[[7188,27594],[7188,27466]],"size":[1,1,523],"rotations":[0,0],"colors":[7122329,6396809,8434380,6990537]},{"id":33420,"name":"Digsite Pendant","type":5,"category":206,"actions":["Teleport menu","Configuration","Remove"],"coordinates":[[7192,27646],[7192,27518]],"size":[1,1,523],"rotations":[0,0],"colors":[7122329,6396809,8434380,6990537]},{"id":13677,"name":"Mahogany trapdoor","type":22,"category":206,"actions":["Open","Remove-room","Remove"],"coordinates":[[7192,27546]],"size":[1,1,523],"rotations":[0],"colors":[7122329,6396809,8434380,6990537]},{"id":26868,"name":"Pet list","type":10,"category":206,"actions":["Read","Remove"],"coordinates":[[7204,27550]],"size":[1,1,523],"rotations":[0],"colors":[7122329,6396809,8434380,6990537]},{"id":26835,"name":"Tree","type":10,"category":206,"actions":["Remove"],"coordinates":[[7206,27540]],"size":[2,2,523],"rotations":[0],"colors":[7122329,6396809,8434380,6990537]},{"id":26863,"name":"Arena","type":3,"category":206,"actions":["Remove"],"coordinates":[[7204,27534],[7204,27530],[7204,27526],[7208,27534],[7208,27526],[7212,27534],[7212,27526],[7216,27534],[7216,27530],[7216,27526]],"size":[1,1,523],"rotations":[0,0,0,0,0,0,0,0,0,0],"colors":[7122329,6396809,8434380,6990537]},{"id":26866,"name":"Arena","type":22,"category":206,"actions":["Remove"],"coordinates":[[7208,27530],[7212,27530]],"size":[1,1,523],"rotations":[0,0],"colors":[7122329,6396809,8434380,6990537]},{"id":4525,"name":"Portal","type":10,"category":206,"actions":["Enter","Lock","Remove board advert","Remove"],"coordinates":[[7214,27632],[7214,27504]],"size":[2,2,523],"rotations":[0,0],"colors":[7122329,6396809,8434380,6990537]},{"id":26832,"name":"Nature house","type":10,"category":206,"actions":["View","Remove"],"coordinates":[[7218,27540]],"size":[2,2,523],"rotations":[0],"colors":[7122329,6396809,8434380,6990537]},{"id":26872,"name":"Mahogany feeder","type":10,"category":206,"actions":["Remove"],"coordinates":[[7226,27524]],"size":[2,2,523],"rotations":[0],"colors":[7122329,6396809,8434380,6990537]},{"id":26860,"name":"Mahogany scratching post","type":10,"category":763,"actions":["Remove"],"coordinates":[[7228,27546]],"size":[1,1,523],"rotations":[0],"colors":[7122329,6396809,8434380,6990537]},{"id":29253,"name":"Otherworldly theme","type":10,"category":206,"actions":["Remove"],"coordinates":[[7234,27644],[7234,27516]],"size":[2,2,523],"rotations":[0,0],"colors":[7122329,6396809,8434380,6990537]},{"id":29262,"name":"Redwood fence","type":2,"category":206,"actions":["Remove"],"coordinates":[[7232,27646],[7232,27642],[7232,27622],[7232,27618],[7232,27518],[7232,27514],[7232,27494],[7232,27490],[7236,27646],[7236,27618],[7236,27518],[7236,27490],[7256,27646],[7256,27618],[7256,27518],[7256,27490],[7260,27646],[7260,27642],[7260,27622],[7260,27618],[7260,27518],[7260,27514],[7260,27494],[7260,27490]],"size":[1,1,523],"rotations":[0,0,0,0,0,0,0,0,0,0,0,0,0,0,0,0,0,0,0,0,0,0,0,0],"colors":[7122329,6396809,8434380,6990537]},{"id":29264,"name":"Redwood fence post","type":0,"category":206,"actions":["Remove"],"coordinates":[[7232,27638],[7232,27510],[7240,27618],[7240,27490],[7252,27646],[7252,27518],[7260,27626],[7260,27498]],"size":[1,1,523],"rotations":[0,0,0,0,0,0,0,0],"colors":[7122329,6396809,8434380,6990537]},{"id":29263,"name":"Redwood fence post","type":0,"category":206,"actions":["Remove"],"coordinates":[[7232,27626],[7232,27498],[7240,27646],[7240,27518],[7252,27618],[7252,27490],[7260,27638],[7260,27510]],"size":[1,1,523],"rotations":[0,0,0,0,0,0,0,0],"colors":[7122329,6396809,8434380,6990537]},{"id":29241,"name":"Ornate pool of Rejuvenation","type":10,"category":206,"actions":["Drink","Remove"],"coordinates":[[7234,27620],[7234,27492]],"size":[2,2,523],"rotations":[0,0],"colors":[7122329,6396809,8434380,6990537]},{"id":13272,"name":"Statue","type":11,"category":206,"actions":["Remove"],"coordinates":[[7232,27614],[7232,27486]],"size":[1,1,523],"rotations":[0,0],"colors":[7122329,6396809,8434380,6990537]},{"id":13273,"name":"Statue","type":11,"category":206,"actions":["Remove"],"coordinates":[[7232,27586],[7232,27458]],"size":[1,1,523],"rotations":[0,0],"colors":[7122329,6396809,8434380,6990537]},{"id":13258,"name":"Decorative window","type":0,"category":206,"actions":["Remove"],"coordinates":[[7240,27614],[7240,27586],[7252,27614],[7252,27586],[7260,27606],[7260,27594]],"size":[1,1,523],"rotations":[0,0,0,0,0,0],"colors":[7122329,6396809,8434380,6990537]},{"id":13267,"name":"Decorative window","type":0,"category":206,"actions":["Remove"],"coordinates":[[7240,27486],[7240,27458],[7252,27486],[7252,27458],[7260,27478],[7260,27466]],"size":[1,1,523],"rotations":[0,0,0,0,0,0],"colors":[7122329,6396809,8434380,6990537]},{"id":29422,"name":"Spiritual Fairy Tree","type":10,"category":206,"actions":["Tree","Ring-Zanaris","Ring-configure","Ring-last-destination (AIP)","Remove"],"coordinates":[[7246,27632],[7246,27504]],"size":[2,2,523],"rotations":[0,0],"colors":[7122329,6396809,8434380,6990537]},{"id":13216,"name":"Organ","type":10,"category":206,"actions":["Play","Remove"],"coordinates":[[7246,27614],[7246,27486]],"size":[2,1,523],"rotations":[2,2],"colors":[7122329,6396809,8434380,6990537]},{"id":29272,"name":"Gnome bench","type":10,"category":206,"actions":["Sit-on","Remove"],"coordinates":[[7252,27618],[7252,27490],[7260,27622],[7260,27494]],"size":[1,1,523],"rotations":[0,0,0,0],"colors":[7122329,6396809,8434380,6990537]},{"id":13213,"name":"Incense burner","type":10,"category":206,"actions":["Re-light","Remove"],"coordinates":[[7252,27610],[7252,27590],[7252,27482],[7252,27462]],"size":[1,1,523],"rotations":[0,0,0,0],"colors":[7122329,6396809,8434380,6990537]},{"id":13197,"name":"Altar","type":10,"category":206,"actions":["Pray","Remove"],"coordinates":[[7252,27600],[7252,27472]],"size":[2,1,523],"rotations":[1,1],"colors":[7122329,6396809,8434380,6990537]},{"id":29234,"name":"Cerberus Topiary","type":10,"category":206,"actions":["Clip","Remove"],"coordinates":[[7258,27644],[7258,27516]],"size":[2,2,523],"rotations":[0,0],"colors":[7122329,6396809,8434380,6990537]},{"id":29273,"name":"Gnome bench","type":10,"category":206,"actions":["Sit-on","Remove"],"coordinates":[[7256,27618],[7256,27490],[7260,27626],[7260,27498]],"size":[1,1,523],"rotations":[0,0,0,0],"colors":[7122329,6396809,8434380,6990537]},{"id":13175,"name":"Icon of Saradomin","type":10,"category":206,"actions":["Remove"],"coordinates":[[7260,27600],[7260,27472]],"size":[2,1,523],"rotations":[1,1],"colors":[7122329,6396809,8434380,6990537]}]