[{"id":59810,"name":"Buoy","type":10,"category":2339,"actions":["Dock"],"coordinates":[[7466,38508]],"size":[2,2,523],"rotations":[0],"colors":[7122329,6396809,8434380,6990537]},{"id":59834,"name":"Mooring point","type":10,"category":2340,"actions":["Board","Board-previous","Board-friend"],"coordinates":[[7488,38494]],"size":[1,1,523],"rotations":[0],"colors":[7122329,6396809,8434380,6990537]},{"id":58658,"name":"Rowboat space","type":11,"category":2308,"actions":["Build","Inspect"],"coordinates":[[7504,38536]],"size":[2,3,523],"rotations":[3],"colors":[7122329,6396809,8434380,6990537]},{"id":44227,"name":"Bush","type":10,"category":0,"actions":[],"coordinates":[[7504,38482],[7516,38534]],"size":[1,1,523],"rotations":[0,0],"colors":[7122329,6396809,8434380,6990537]},{"id":58644,"name":"Water pump space","type":10,"category":2308,"actions":["Build","Inspect"],"coordinates":[[7508,38498]],"size":[1,1,523],"rotations":[0],"colors":[7122329,6396809,8434380,6990537]},{"id":52432,"name":"Crates","type":10,"category":0,"actions":[],"coordinates":[[7516,38498],[7532,38502]],"size":[1,1,523],"rotations":[0,0],"colors":[7122329,6396809,8434380,6990537]},{"id":11363,"name":"Clay rocks","type":10,"category":201,"actions":["Mine"],"coordinates":[[7516,38482],[7560,38478],[7572,38530],[7580,38454]],"size":[1,1,523],"rotations":[0,0,0,0],"colors":[7122329,6396809,8434380,6990537]},{"id":18894,"name":"Rockslide","type":10,"category":0,"actions":[],"coordinates":[[7518,38476],[7522,38484],[7530,38492],[7542,38532],[7550,38532],[7566,38540],[7566,38472],[7570,38520],[7570,38504],[7570,38464],[7578,38516]],"size":[2,2,523],"rotations":[0,0,0,0,0,0,0,0,0,0,0],"colors":[7122329,6396809,8434380,6990537]},{"id":18460,"name":"Broken boat","type":11,"category":0,"actions":[],"coordinates":[[7524,38540]],"size":[2,3,523],"rotations":[3],"colors":[7122329,6396809,8434380,6990537]},{"id":15675,"name":"Barrel","type":11,"category":0,"actions":[],"coordinates":[[7520,38506]],"size":[1,1,523],"rotations":[0],"colors":[7122329,6396809,8434380,6990537]},{"id":39695,"name":"Sacks","type":11,"category":0,"actions":[],"coordinates":[[7520,38502]],"size":[1,1,523],"rotations":[0],"colors":[7122329,6396809,8434380,6990537]},{"id":51750,"name":"Food pot","type":10,"category":0,"actions":[],"coordinates":[[7520,38498]],"size":[1,1,523],"rotations":[0],"colors":[7122329,6396809,8434380,6990537]},{"id":52431,"name":"Crate","type":11,"category":0,"actions":[],"coordinates":[[7524,38506],[7536,38502]],"size":[1,1,523],"rotations":[0,0],"colors":[7122329,6396809,8434380,6990537]},{"id":14050,"name":"Chair","type":11,"category":0,"actions":[],"coordinates":[[7528,38514]],"size":[1,1,523],"rotations":[0],"colors":[7122329,6396809,8434380,6990537]},{"id":58652,"name":"Potter's wheel space","type":10,"category":2308,"actions":["Build","Inspect"],"coordinates":[[7532,38510]],"size":[1,1,523],"rotations":[0],"colors":[7122329,6396809,8434380,6990537]},{"id":60512,"name":"Rusty chest","type":10,"category":2350,"actions":["Picklock"],"coordinates":[[7536,38538]],"size":[1,1,523],"rotations":[0],"colors":[7122329,6396809,8434380,6990537]},{"id":42398,"name":"Plant","type":10,"category":0,"actions":[],"coordinates":[[7538,38520]],"size":[2,2,523],"rotations":[0],"colors":[7122329,6396809,8434380,6990537]},{"id":58654,"name":"Pottery oven space","type":10,"category":2308,"actions":["Build","Inspect"],"coordinates":[[7542,38502]],"size":[1,2,523],"rotations":[1],"colors":[7122329,6396809,8434380,6990537]},{"id":42401,"name":"Plant","type":10,"category":0,"actions":[],"coordinates":[[7546,38492]],"size":[2,2,523],"rotations":[0],"colors":[7122329,6396809,8434380,6990537]},{"id":51748,"name":"Food pot","type":10,"category":0,"actions":[],"coordinates":[[7548,38510]],"size":[1,1,523],"rotations":[0],"colors":[7122329,6396809,8434380,6990537]},{"id":60571,"name":"A singular circle","type":10,"category":0,"actions":[],"coordinates":[[7552,38506]],"size":[1,1,523],"rotations":[0],"colors":[7122329,6396809,8434380,6990537]},{"id":11362,"name":"Clay rocks","type":10,"category":201,"actions":["Mine"],"coordinates":[[7552,38490],[7588,38522]],"size":[1,1,523],"rotations":[0,0],"colors":[7122329,6396809,8434380,6990537]},{"id":11366,"name":"Coal rocks","type":10,"category":200,"actions":["Mine"],"coordinates":[[7556,38538]],"size":[1,1,523],"rotations":[0],"colors":[7122329,6396809,8434380,6990537]},{"id":42399,"name":"Plant","type":10,"category":0,"actions":[],"coordinates":[[7558,38512],[7590,38456]],"size":[2,2,523],"rotations":[0,0],"colors":[7122329,6396809,8434380,6990537]},{"id":11371,"name":"Gold rocks","type":11,"category":199,"actions":["Mine"],"coordinates":[[7556,38486],[7568,38526],[7584,38538]],"size":[1,1,523],"rotations":[0,0,0],"colors":[7122329,6396809,8434380,6990537]},{"id":11370,"name":"Gold rocks","type":11,"category":199,"actions":["Mine"],"coordinates":[[7556,38482],[7564,38538],[7588,38534]],"size":[1,1,523],"rotations":[0,0,0],"colors":[7122329,6396809,8434380,6990537]},{"id":11367,"name":"Coal rocks","type":11,"category":200,"actions":["Mine"],"coordinates":[[7560,38542]],"size":[1,1,523],"rotations":[0],"colors":[7122329,6396809,8434380,6990537]},{"id":18893,"name":"Rockslide","type":10,"category":0,"actions":[],"coordinates":[[7570,38512],[7574,38456],[7582,38472],[7590,38464]],"size":[2,2,523],"rotations":[0,0,0,0],"colors":[7122329,6396809,8434380,6990537]},{"id":11369,"name":"Silver rocks","type":10,"category":285,"actions":["Mine"],"coordinates":[[7568,38498]],"size":[1,1,523],"rotations":[0],"colors":[7122329,6396809,8434380,6990537]},{"id":47370,"name":"Plant","type":10,"category":0,"actions":[],"coordinates":[[7568,38474],[7576,38490]],"size":[1,1,523],"rotations":[0,0],"colors":[7122329,6396809,8434380,6990537]},{"id":42400,"name":"Plant","type":10,"category":0,"actions":[],"coordinates":[[7572,38502],[7592,38454]],"size":[1,1,523],"rotations":[0,0],"colors":[7122329,6396809,8434380,6990537]},{"id":11368,"name":"Silver rocks","type":10,"category":285,"actions":["Mine"],"coordinates":[[7572,38494]],"size":[1,1,523],"rotations":[0],"colors":[7122329,6396809,8434380,6990537]},{"id":11372,"name":"Mithril rocks","type":11,"category":252,"actions":["Mine"],"coordinates":[[7572,38490]],"size":[1,1,523],"rotations":[0],"colors":[7122329,6396809,8434380,6990537]},{"id":51762,"name":"Tree","type":10,"category":189,"actions":["Chop down"],"coordinates":[[7578,38480],[7578,38460]],"size":[2,2,523],"rotations":[0,0],"colors":[7122329,6396809,8434380,6990537]},{"id":51819,"name":"Spikey bush","type":10,"category":0,"actions":[],"coordinates":[[7576,38454]],"size":[1,1,523],"rotations":[0],"colors":[7122329,6396809,8434380,6990537]},{"id":11364,"name":"Iron rocks","type":11,"category":218,"actions":["Mine"],"coordinates":[[7580,38522],[7584,38526]],"size":[1,1,523],"rotations":[0,0],"colors":[7122329,6396809,8434380,6990537]},{"id":59360,"name":"Seagull Nest","type":10,"category":2317,"actions":["Chart"],"coordinates":[[7584,38454]],"size":[1,1,523],"rotations":[0],"colors":[7122329,6396809,8434380,6990537]}]