[{"id":51762,"name":"Tree","type":10,"category":189,"actions":["Chop down"],"coordinates":[[7426,38012],[7430,38020],[7430,37964],[7434,37984]],"size":[2,2,523],"rotations":[0,0,0,0],"colors":[7122329,6396809,8434380,6990537]},{"id":57216,"name":"Cave","type":10,"category":0,"actions":[],"coordinates":[[7448,38004]],"size":[6,3,523],"rotations":[3],"colors":[7122329,6396809,8434380,6990537]},{"id":52488,"name":"Brazier","type":10,"category":0,"actions":[],"coordinates":[[7448,38018],[7448,37990]],"size":[1,1,523],"rotations":[0,0],"colors":[7122329,6396809,8434380,6990537]},{"id":51758,"name":"Landing Spot","type":10,"category":0,"actions":[],"coordinates":[[7484,38004]],"size":[2,3,523],"rotations":[3],"colors":[7122329,6396809,8434380,6990537]}]