[{"id":12591,"name":"Rockslide","type":10,"category":0,"actions":[],"coordinates":[[7498,36752],[7518,36704],[7538,36664]],"size":[2,2,523],"rotations":[0,0,0],"colors":[7122329,6396809,8434380,6990537]},{"id":12594,"name":"Rockslide","type":10,"category":0,"actions":[],"coordinates":[[7498,36740],[7530,36664]],"size":[2,2,523],"rotations":[0,0],"colors":[7122329,6396809,8434380,6990537]},{"id":42398,"name":"Plant","type":10,"category":0,"actions":[],"coordinates":[[7502,36744]],"size":[2,2,523],"rotations":[0],"colors":[7122329,6396809,8434380,6990537]},{"id":11435,"name":"Rockslide","type":10,"category":0,"actions":[],"coordinates":[[7506,36760],[7538,36672]],"size":[2,2,523],"rotations":[0,0],"colors":[7122329,6396809,8434380,6990537]},{"id":60574,"name":"<col=ffff00>Harold</col>","type":11,"category":0,"actions":[],"coordinates":[[7504,36754]],"size":[1,1,523],"rotations":[0],"colors":[7122329,6396809,8434380,6990537]},{"id":11434,"name":"Rockslide","type":10,"category":0,"actions":[],"coordinates":[[7514,36756]],"size":[2,2,523],"rotations":[0],"colors":[7122329,6396809,8434380,6990537]},{"id":12593,"name":"Rockslide","type":10,"category":0,"actions":[],"coordinates":[[7514,36704]],"size":[2,2,523],"rotations":[0],"colors":[7122329,6396809,8434380,6990537]},{"id":1302,"name":"Leafy tree","type":11,"category":0,"actions":[],"coordinates":[[7518,36676]],"size":[2,2,523],"rotations":[0],"colors":[7122329,6396809,8434380,6990537]},{"id":42401,"name":"Plant","type":10,"category":0,"actions":[],"coordinates":[[7522,36724]],"size":[2,2,523],"rotations":[0],"colors":[7122329,6396809,8434380,6990537]},{"id":60012,"name":"Cauldron","type":10,"category":0,"actions":[],"coordinates":[[7522,36712]],"size":[2,2,523],"rotations":[0],"colors":[7122329,6396809,8434380,6990537]},{"id":5334,"name":"Plant","type":10,"category":0,"actions":[],"coordinates":[[7520,36706]],"size":[1,1,523],"rotations":[0],"colors":[7122329,6396809,8434380,6990537]},{"id":42400,"name":"Plant","type":10,"category":0,"actions":[],"coordinates":[[7520,36686]],"size":[1,1,523],"rotations":[0],"colors":[7122329,6396809,8434380,6990537]},{"id":47370,"name":"Plant","type":11,"category":0,"actions":[],"coordinates":[[7520,36670],[7572,36730]],"size":[1,1,523],"rotations":[0,0],"colors":[7122329,6396809,8434380,6990537]},{"id":42399,"name":"Plant","type":10,"category":0,"actions":[],"coordinates":[[7526,36660]],"size":[2,2,523],"rotations":[0],"colors":[7122329,6396809,8434380,6990537]},{"id":3813,"name":"Crate","type":10,"category":0,"actions":[],"coordinates":[[7528,36722]],"size":[1,1,523],"rotations":[0],"colors":[7122329,6396809,8434380,6990537]},{"id":43890,"name":"Camping Equipment","type":10,"category":0,"actions":[],"coordinates":[[7532,36730]],"size":[1,1,523],"rotations":[0],"colors":[7122329,6396809,8434380,6990537]},{"id":60013,"name":"Cushion","type":11,"category":0,"actions":[],"coordinates":[[7532,36726],[7540,36730]],"size":[1,1,523],"rotations":[0,0],"colors":[7122329,6396809,8434380,6990537]},{"id":59989,"name":"Lockbox","type":10,"category":0,"actions":["Open"],"coordinates":[[7532,36670]],"size":[1,1,523],"rotations":[0],"colors":[7122329,6396809,8434380,6990537]},{"id":12592,"name":"Rockslide","type":10,"category":0,"actions":[],"coordinates":[[7534,36656]],"size":[2,2,523],"rotations":[0],"colors":[7122329,6396809,8434380,6990537]},{"id":1394,"name":"Plant","type":10,"category":0,"actions":[],"coordinates":[[7542,36676]],"size":[2,2,523],"rotations":[0],"colors":[7122329,6396809,8434380,6990537]},{"id":59369,"name":"Charred remains of a table","type":10,"category":2317,"actions":["Chart"],"coordinates":[[7550,36732]],"size":[2,2,523],"rotations":[0],"colors":[7122329,6396809,8434380,6990537]},{"id":1391,"name":"Plant","type":10,"category":0,"actions":[],"coordinates":[[7562,36736]],"size":[2,2,523],"rotations":[0],"colors":[7122329,6396809,8434380,6990537]},{"id":58646,"name":"Cooking pot space","type":10,"category":2308,"actions":["Build","Inspect"],"coordinates":[[7562,36724]],"size":[2,2,523],"rotations":[0],"colors":[7122329,6396809,8434380,6990537]},{"id":59834,"name":"Mooring point","type":11,"category":2340,"actions":["Board","Board-previous","Board-friend"],"coordinates":[[7572,36714]],"size":[1,1,523],"rotations":[0],"colors":[7122329,6396809,8434380,6990537]},{"id":59821,"name":"Buoy","type":10,"category":2339,"actions":["Dock"],"coordinates":[[7598,36748]],"size":[2,2,523],"rotations":[0],"colors":[7122329,6396809,8434380,6990537]}]