[{"id":7398,"name":"Leafy tree","type":10,"category":0,"actions":[],"coordinates":[[7446,36472],[7462,36468]],"size":[2,2,523],"rotations":[0,0],"colors":[7122329,6396809,8434380,6990537]},{"id":1371,"name":"Tropical tree","type":10,"category":0,"actions":[],"coordinates":[[7452,36462]],"size":[1,1,523],"rotations":[0],"colors":[7122329,6396809,8434380,6990537]},{"id":1372,"name":"Tropical tree","type":10,"category":0,"actions":[],"coordinates":[[7452,36462]],"size":[1,1,523],"rotations":[0],"colors":[7122329,6396809,8434380,6990537]},{"id":1375,"name":"Tropical tree","type":10,"category":0,"actions":[],"coordinates":[[7456,36478]],"size":[1,1,523],"rotations":[0],"colors":[7122329,6396809,8434380,6990537]},{"id":1376,"name":"Tropical tree","type":10,"category":0,"actions":[],"coordinates":[[7456,36478]],"size":[1,1,523],"rotations":[0],"colors":[7122329,6396809,8434380,6990537]}]