[{"id":9519,"name":"Barrel","type":10,"category":0,"actions":[],"coordinates":[[7528,31138],[7536,31134],[7536,31130],[7572,31130],[7580,31122]],"size":[1,1,523],"rotations":[0,0,0,0,0],"colors":[7122329,6396809,8434380,6990537]},{"id":59928,"name":"Ship's wheel","type":10,"category":0,"actions":[],"coordinates":[[7528,31130]],"size":[1,1,523],"rotations":[0],"colors":[7122329,6396809,8434380,6990537]},{"id":59912,"name":"Unfurled sail","type":10,"category":0,"actions":[],"coordinates":[[7532,31130],[7588,31130]],"size":[1,1,523],"rotations":[0,0],"colors":[7122329,6396809,8434380,6990537]},{"id":4060,"name":"Ship's ladder","type":10,"category":0,"actions":["Climb-up"],"coordinates":[[7536,31126],[7572,31134]],"size":[1,1,523],"rotations":[0,0],"colors":[7122329,6396809,8434380,6990537]},{"id":969,"name":"Fishing net","type":4,"category":0,"actions":[],"coordinates":[[7536,31118],[7540,31142],[7540,31118],[7544,31118],[7552,31142],[7556,31142],[7556,31118],[7560,31142],[7560,31118],[7568,31142]],"size":[1,1,523],"rotations":[0,0,0,0,0,0,0,0,0,0],"colors":[7122329,6396809,8434380,6990537]},{"id":255,"name":"Winch","type":10,"category":0,"actions":["Operate"],"coordinates":[[7572,31126]],"size":[1,1,523],"rotations":[0],"colors":[7122329,6396809,8434380,6990537]},{"id":41410,"name":"Axes","type":10,"category":0,"actions":["Take"],"coordinates":[[7576,31122]],"size":[1,1,523],"rotations":[0],"colors":[7122329,6396809,8434380,6990537]},{"id":41408,"name":"Bailing buckets","type":10,"category":0,"actions":["Take","Take-5","Take-10","Take-X"],"coordinates":[[7580,31138]],"size":[1,1,523],"rotations":[0],"colors":[7122329,6396809,8434380,6990537]},{"id":41409,"name":"Hammers","type":10,"category":0,"actions":["Take"],"coordinates":[[7584,31138]],"size":[1,1,523],"rotations":[0],"colors":[7122329,6396809,8434380,6990537]},{"id":59905,"name":"Figurehead","type":10,"category":0,"actions":[],"coordinates":[[7592,31130]],"size":[1,1,523],"rotations":[0],"colors":[7122329,6396809,8434380,6990537]},{"id":59910,"name":"Hoisted sail","type":10,"category":0,"actions":[],"coordinates":[[7606,31130]],"size":[8,1,523],"rotations":[2],"colors":[7122329,6396809,8434380,6990537]}]