[{"id":892,"name":"Painting","type":4,"category":0,"actions":[],"coordinates":[[7436,29882]],"size":[1,1,523],"rotations":[0],"colors":[7122329,6396809,8434380,6990537]},{"id":891,"name":"Landscape","type":4,"category":0,"actions":[],"coordinates":[[7444,29894],[7444,29874]],"size":[1,1,523],"rotations":[0,0],"colors":[7122329,6396809,8434380,6990537]},{"id":20817,"name":"Door","type":0,"category":167,"actions":["Open"],"coordinates":[[7456,29922],[7456,29882]],"size":[1,1,523],"rotations":[0,0],"colors":[7122329,6396809,8434380,6990537]},{"id":890,"name":"Portrait","type":5,"category":0,"actions":[],"coordinates":[[7456,29890]],"size":[1,1,523],"rotations":[0],"colors":[7122329,6396809,8434380,6990537]},{"id":20827,"name":"Barrel","type":10,"category":0,"actions":[],"coordinates":[[7460,29894],[7468,29874],[7480,29938],[7488,29874],[7500,29878]],"size":[1,1,523],"rotations":[0,0,0,0,0],"colors":[7122329,6396809,8434380,6990537]},{"id":20834,"name":"Sack Pile","type":10,"category":0,"actions":[],"coordinates":[[7460,29888],[7482,29874]],"size":[2,1,523],"rotations":[1,2],"colors":[7122329,6396809,8434380,6990537]},{"id":20826,"name":"Rack of barrels","type":10,"category":0,"actions":[],"coordinates":[[7460,29874],[7464,29874],[7492,29874],[7496,29874],[7500,29874]],"size":[1,1,523],"rotations":[0,0,0,0,0],"colors":[7122329,6396809,8434380,6990537]},{"id":20820,"name":"Crates","type":10,"category":0,"actions":[],"coordinates":[[7472,29938],[7476,29938],[7496,29938],[7500,29938]],"size":[1,1,523],"rotations":[0,0,0,0],"colors":[7122329,6396809,8434380,6990537]},{"id":20835,"name":"Sack Pile","type":10,"category":0,"actions":[],"coordinates":[[7472,29874]],"size":[1,1,523],"rotations":[0],"colors":[7122329,6396809,8434380,6990537]},{"id":20825,"name":"Junk","type":10,"category":0,"actions":[],"coordinates":[[7476,29874],[7500,29886]],"size":[1,1,523],"rotations":[0,0],"colors":[7122329,6396809,8434380,6990537]},{"id":20811,"name":"Evil claw","type":10,"category":0,"actions":[],"coordinates":[[7480,29902]],"size":[1,1,523],"rotations":[0],"colors":[7122329,6396809,8434380,6990537]},{"id":20813,"name":"Control panel","type":10,"category":0,"actions":["Use"],"coordinates":[[7480,29890]],"size":[1,1,523],"rotations":[0],"colors":[7122329,6396809,8434380,6990537]},{"id":20828,"name":"Barrow","type":10,"category":0,"actions":[],"coordinates":[[7486,29938]],"size":[2,1,523],"rotations":[2],"colors":[7122329,6396809,8434380,6990537]},{"id":20823,"name":"Crates","type":11,"category":0,"actions":[],"coordinates":[[7492,29938]],"size":[1,1,523],"rotations":[0],"colors":[7122329,6396809,8434380,6990537]},{"id":20824,"name":"Cogs","type":10,"category":0,"actions":[],"coordinates":[[7496,29894],[7500,29890]],"size":[1,1,523],"rotations":[0,0],"colors":[7122329,6396809,8434380,6990537]},{"id":20821,"name":"Crate","type":10,"category":0,"actions":[],"coordinates":[[7500,29882]],"size":[1,1,523],"rotations":[0],"colors":[7122329,6396809,8434380,6990537]}]