[{"id":20237,"name":"Penance cave","type":10,"category":0,"actions":["Block"],"coordinates":[[7496,28480],[7520,28476],[7568,28476],[7592,28480]],"size":[3,2,523],"rotations":[0,0,0,0],"colors":[7122329,6396809,8434380,6990537]},{"id":20194,"name":"Ladder","type":10,"category":0,"actions":["Climb-up"],"coordinates":[[7508,28606]],"size":[1,1,523],"rotations":[0],"colors":[7122329,6396809,8434380,6990537]},{"id":20133,"name":"Egg launcher","type":22,"category":0,"actions":["Shoot"],"coordinates":[[7508,28534],[7584,28534]],"size":[1,1,523],"rotations":[0,0],"colors":[7122329,6396809,8434380,6990537]},{"id":20264,"name":"Egg hopper","type":10,"category":0,"actions":["Load","Look-in"],"coordinates":[[7512,28534],[7588,28534]],"size":[1,1,523],"rotations":[0,0],"colors":[7122329,6396809,8434380,6990537]},{"id":20150,"name":"Healer spring","type":10,"category":0,"actions":["Drink-from","Take-from"],"coordinates":[[7528,28614],[7528,28610],[7532,28614],[7532,28610]],"size":[1,1,523],"rotations":[0,0,0,0],"colors":[7122329,6396809,8434380,6990537]},{"id":20151,"name":"Lure cave","type":10,"category":0,"actions":[],"coordinates":[[7546,28620]],"size":[4,2,523],"rotations":[2],"colors":[7122329,6396809,8434380,6990537]},{"id":20241,"name":"Attacker item machine","type":10,"category":0,"actions":["Take-Arrows","Take-Runes"],"coordinates":[[7556,28614]],"size":[1,1,523],"rotations":[0],"colors":[7122329,6396809,8434380,6990537]},{"id":20242,"name":"Defender item machine","type":10,"category":0,"actions":["Stock-Up","Take-Crackers","Take-Tofu","Take-Worms"],"coordinates":[[7560,28614]],"size":[1,1,523],"rotations":[0],"colors":[7122329,6396809,8434380,6990537]},{"id":20243,"name":"Healer item machine","type":10,"category":0,"actions":["Stock-Up","Take-Vial","Take-Tofu","Take-Worms","Take-Meat"],"coordinates":[[7564,28614]],"size":[1,1,523],"rotations":[0],"colors":[7122329,6396809,8434380,6990537]},{"id":21250,"name":"Collector Converter","type":10,"category":0,"actions":["Convert"],"coordinates":[[7568,28614]],"size":[1,1,523],"rotations":[0],"colors":[7122329,6396809,8434380,6990537]},{"id":20247,"name":"Horn of glory","type":10,"category":0,"actions":["Call"],"coordinates":[[7622,28590]],"size":[1,2,523],"rotations":[1],"colors":[7122329,6396809,8434380,6990537]}]