[{"id":20233,"name":"Poison crater","type":10,"category":0,"actions":["Dunk"],"coordinates":[[7464,28806],[7472,28826],[7472,28774],[7496,28858],[7588,28858],[7600,28830],[7604,28774],[7632,28798]],"size":[1,1,523],"rotations":[0,0,0,0,0,0,0,0],"colors":[7122329,6396809,8434380,6990537]},{"id":20235,"name":"Poison crater","type":10,"category":0,"actions":["Dunk"],"coordinates":[[7466,28796],[7482,28836],[7610,28824],[7618,28780]],"size":[2,2,523],"rotations":[0,0,0,0],"colors":[7122329,6396809,8434380,6990537]},{"id":20234,"name":"Lava crater","type":10,"category":0,"actions":["Dunk"],"coordinates":[[7470,28816],[7482,28768],[7578,28856],[7606,28764],[7626,28804]],"size":[2,2,523],"rotations":[0,0,0,0,0],"colors":[7122329,6396809,8434380,6990537]},{"id":20232,"name":"Lava crater","type":10,"category":0,"actions":["Dunk"],"coordinates":[[7472,28786],[7484,28826],[7488,28850],[7488,28754],[7604,28754],[7620,28818],[7624,28790]],"size":[1,1,523],"rotations":[0,0,0,0,0,0,0],"colors":[7122329,6396809,8434380,6990537]},{"id":20250,"name":"Petrified mushroom","type":10,"category":0,"actions":["Get-Spikes"],"coordinates":[[7476,28810],[7476,28790],[7480,28778],[7492,28842],[7496,28762],[7504,28850],[7516,28858],[7568,28858],[7584,28846],[7596,28826],[7600,28842],[7608,28814],[7612,28770],[7620,28798]],"size":[1,1,523],"rotations":[0,0,0,0,0,0,0,0,0,0,0,0,0,0],"colors":[7122329,6396809,8434380,6990537]},{"id":20237,"name":"Penance cave","type":10,"category":0,"actions":["Block"],"coordinates":[[7496,28736],[7520,28732],[7568,28732],[7592,28736]],"size":[3,2,523],"rotations":[0,0,0,0],"colors":[7122329,6396809,8434380,6990537]},{"id":20194,"name":"Ladder","type":10,"category":0,"actions":["Climb-up"],"coordinates":[[7508,28862]],"size":[1,1,523],"rotations":[0],"colors":[7122329,6396809,8434380,6990537]},{"id":20133,"name":"Egg launcher","type":22,"category":0,"actions":["Shoot"],"coordinates":[[7508,28790]],"size":[1,1,523],"rotations":[0],"colors":[7122329,6396809,8434380,6990537]},{"id":20264,"name":"Egg hopper","type":10,"category":0,"actions":["Load","Look-in"],"coordinates":[[7512,28790]],"size":[1,1,523],"rotations":[0],"colors":[7122329,6396809,8434380,6990537]},{"id":20150,"name":"Healer spring","type":10,"category":0,"actions":["Drink-from","Take-from"],"coordinates":[[7528,28870],[7528,28866],[7532,28870],[7532,28866]],"size":[1,1,523],"rotations":[0,0,0,0],"colors":[7122329,6396809,8434380,6990537]},{"id":20151,"name":"Lure cave","type":10,"category":0,"actions":[],"coordinates":[[7546,28876]],"size":[4,2,523],"rotations":[2],"colors":[7122329,6396809,8434380,6990537]},{"id":20241,"name":"Attacker item machine","type":10,"category":0,"actions":["Take-Arrows","Take-Runes"],"coordinates":[[7556,28870]],"size":[1,1,523],"rotations":[0],"colors":[7122329,6396809,8434380,6990537]},{"id":20242,"name":"Defender item machine","type":10,"category":0,"actions":["Stock-Up","Take-Crackers","Take-Tofu","Take-Worms"],"coordinates":[[7560,28870]],"size":[1,1,523],"rotations":[0],"colors":[7122329,6396809,8434380,6990537]},{"id":20243,"name":"Healer item machine","type":10,"category":0,"actions":["Stock-Up","Take-Vial","Take-Tofu","Take-Worms","Take-Meat"],"coordinates":[[7564,28870]],"size":[1,1,523],"rotations":[0],"colors":[7122329,6396809,8434380,6990537]},{"id":21250,"name":"Collector Converter","type":10,"category":0,"actions":["Convert"],"coordinates":[[7568,28870]],"size":[1,1,523],"rotations":[0],"colors":[7122329,6396809,8434380,6990537]},{"id":20247,"name":"Horn of glory","type":10,"category":0,"actions":["Call"],"coordinates":[[7622,28846]],"size":[1,2,523],"rotations":[1],"colors":[7122329,6396809,8434380,6990537]}]