[{"id":817,"name":"Suit of armour","type":10,"category":0,"actions":[],"coordinates":[[7436,29162],[7436,29110],[7436,29066],[7436,29014],[7472,29150],[7472,29126],[7472,29054],[7472,29030]],"size":[1,1,523],"rotations":[0,0,0,0,0,0,0,0],"colors":[7122329,6396809,8434380,6990537]},{"id":5555,"name":"Hanging tapestry","type":5,"category":0,"actions":[],"coordinates":[[7436,29146],[7436,29130],[7436,29050],[7436,29034],[7448,29106],[7448,29010],[7460,29106],[7460,29010]],"size":[1,1,523],"rotations":[0,0,0,0,0,0,0,0],"colors":[7122329,6396809,8434380,6990537]},{"id":5791,"name":"Statue","type":10,"category":0,"actions":[],"coordinates":[[7436,29146],[7436,29130],[7436,29050],[7436,29034]],"size":[1,1,523],"rotations":[0,0,0,0],"colors":[7122329,6396809,8434380,6990537]},{"id":24970,"name":"Fireplace","type":10,"category":152,"actions":[],"coordinates":[[7436,29138],[7436,29042]],"size":[1,3,523],"rotations":[0,0],"colors":[7122329,6396809,8434380,6990537]},{"id":891,"name":"Landscape","type":5,"category":0,"actions":[],"coordinates":[[7440,29106],[7440,29010]],"size":[1,1,523],"rotations":[0,0],"colors":[7122329,6396809,8434380,6990537]},{"id":12348,"name":"Door","type":0,"category":0,"actions":["Open"],"coordinates":[[7444,29166]],"size":[1,1,523],"rotations":[0],"colors":[7122329,6396809,8434380,6990537]},{"id":12351,"name":"Barrier","type":10,"category":0,"actions":["Pass-through"],"coordinates":[[7444,29166]],"size":[1,1,523],"rotations":[0],"colors":[7122329,6396809,8434380,6990537]},{"id":1543,"name":"Door","type":0,"category":0,"actions":["Open"],"coordinates":[[7444,29070]],"size":[1,1,523],"rotations":[0],"colors":[7122329,6396809,8434380,6990537]},{"id":12318,"name":"Chair","type":10,"category":0,"actions":[],"coordinates":[[7448,29154],[7448,29126]],"size":[1,1,523],"rotations":[0,0],"colors":[7122329,6396809,8434380,6990537]},{"id":12330,"name":"Dwarf","type":10,"category":0,"actions":["Inspect"],"coordinates":[[7448,29146]],"size":[1,1,523],"rotations":[0],"colors":[7122329,6396809,8434380,6990537]},{"id":12337,"name":"Pirate Pete","type":10,"category":0,"actions":["Inspect"],"coordinates":[[7448,29138]],"size":[1,1,523],"rotations":[0],"colors":[7122329,6396809,8434380,6990537]},{"id":12332,"name":"General Bentnoze","type":10,"category":0,"actions":["Inspect"],"coordinates":[[7448,29130]],"size":[1,1,523],"rotations":[0],"colors":[7122329,6396809,8434380,6990537]},{"id":12334,"name":"General Wartface","type":10,"category":0,"actions":["Inspect"],"coordinates":[[7448,29122]],"size":[1,1,523],"rotations":[0],"colors":[7122329,6396809,8434380,6990537]},{"id":12313,"name":"Chair","type":10,"category":0,"actions":[],"coordinates":[[7448,29030]],"size":[1,1,523],"rotations":[0],"colors":[7122329,6396809,8434380,6990537]},{"id":12317,"name":"Banquet table","type":10,"category":0,"actions":[],"coordinates":[[7454,29152],[7454,29056]],"size":[2,2,523],"rotations":[0,0],"colors":[7122329,6396809,8434380,6990537]},{"id":12316,"name":"Banquet table","type":10,"category":0,"actions":[],"coordinates":[[7454,29144],[7454,29048]],"size":[2,2,523],"rotations":[0,0],"colors":[7122329,6396809,8434380,6990537]},{"id":12315,"name":"Banquet table","type":10,"category":0,"actions":[],"coordinates":[[7454,29134],[7454,29038]],"size":[3,2,523],"rotations":[1,1],"colors":[7122329,6396809,8434380,6990537]},{"id":12314,"name":"Banquet table","type":10,"category":0,"actions":[],"coordinates":[[7454,29124],[7454,29028]],"size":[2,2,523],"rotations":[0,0],"colors":[7122329,6396809,8434380,6990537]},{"id":12343,"name":"Skrach Uglogwee","type":10,"category":0,"actions":["Inspect"],"coordinates":[[7454,29116]],"size":[2,2,523],"rotations":[0],"colors":[7122329,6396809,8434380,6990537]},{"id":12347,"name":"Awowogei","type":10,"category":0,"actions":["Inspect"],"coordinates":[[7460,29154]],"size":[1,1,523],"rotations":[0],"colors":[7122329,6396809,8434380,6990537]},{"id":12345,"name":"Sir Amik Varze","type":10,"category":0,"actions":["Inspect"],"coordinates":[[7460,29146]],"size":[1,1,523],"rotations":[0],"colors":[7122329,6396809,8434380,6990537]},{"id":12341,"name":"Evil Dave","type":10,"category":0,"actions":["Inspect"],"coordinates":[[7460,29138]],"size":[1,1,523],"rotations":[0],"colors":[7122329,6396809,8434380,6990537]},{"id":12339,"name":"Lumbridge Guide","type":10,"category":0,"actions":["Inspect"],"coordinates":[[7460,29130]],"size":[1,1,523],"rotations":[0],"colors":[7122329,6396809,8434380,6990537]},{"id":12353,"name":"Barrier","type":10,"category":0,"actions":["Pass-through"],"coordinates":[[7468,29138]],"size":[1,1,523],"rotations":[0],"colors":[7122329,6396809,8434380,6990537]},{"id":12352,"name":"Barrier","type":10,"category":0,"actions":["Pass-through"],"coordinates":[[7468,29134]],"size":[1,1,523],"rotations":[0],"colors":[7122329,6396809,8434380,6990537]},{"id":890,"name":"Portrait","type":5,"category":0,"actions":[],"coordinates":[[7468,29106],[7468,29010]],"size":[1,1,523],"rotations":[0,0],"colors":[7122329,6396809,8434380,6990537]},{"id":202,"name":"Candles","type":10,"category":0,"actions":[],"coordinates":[[7472,29162],[7472,29114],[7472,29066],[7472,29018]],"size":[1,1,523],"rotations":[0,0,0,0],"colors":[7122329,6396809,8434380,6990537]},{"id":5556,"name":"Hanging tapestry","type":5,"category":0,"actions":[],"coordinates":[[7472,29154],[7472,29122],[7472,29058],[7472,29026]],"size":[1,1,523],"rotations":[0,0,0,0],"colors":[7122329,6396809,8434380,6990537]},{"id":12350,"name":"Large door","type":0,"category":0,"actions":["Open"],"coordinates":[[7472,29138]],"size":[1,1,523],"rotations":[0],"colors":[7122329,6396809,8434380,6990537]},{"id":12349,"name":"Large door","type":0,"category":0,"actions":["Open"],"coordinates":[[7472,29134]],"size":[1,1,523],"rotations":[0],"colors":[7122329,6396809,8434380,6990537]},{"id":1524,"name":"Large door","type":0,"category":0,"actions":["Open"],"coordinates":[[7472,29042]],"size":[1,1,523],"rotations":[0],"colors":[7122329,6396809,8434380,6990537]},{"id":1521,"name":"Large door","type":0,"category":0,"actions":["Open"],"coordinates":[[7472,29038]],"size":[1,1,523],"rotations":[0],"colors":[7122329,6396809,8434380,6990537]}]