[{"id":29141,"name":"Adventure log space","type":10,"category":207,"actions":["Build"],"coordinates":[[7458,27388]],"size":[2,2,523],"rotations":[0],"colors":[7122329,6396809,8434380,6990537]},{"id":29143,"name":"Boss lair space","type":10,"category":207,"actions":["Build"],"coordinates":[[7460,27366]],"size":[3,3,523],"rotations":[0],"colors":[7122329,6396809,8434380,6990537]},{"id":29144,"name":"Display space","type":10,"category":207,"actions":["Build"],"coordinates":[[7482,27364]],"size":[2,2,523],"rotations":[0],"colors":[7122329,6396809,8434380,6990537]},{"id":13830,"name":"Window","type":0,"category":0,"actions":[],"coordinates":[[7520,27382],[7520,27370],[7528,27390],[7528,27362],[7540,27390],[7540,27362],[7548,27382],[7548,27370]],"size":[1,1,523],"rotations":[0,0,0,0,0,0,0,0],"colors":[7122329,6396809,8434380,6990537]},{"id":33351,"name":"Curtain space","type":5,"category":207,"actions":["Build"],"coordinates":[[7520,27382],[7520,27370],[7528,27390],[7528,27362],[7540,27390],[7540,27362],[7548,27382],[7548,27370]],"size":[1,1,523],"rotations":[0,0,0,0,0,0,0,0],"colors":[7122329,6396809,8434380,6990537]},{"id":33346,"name":"Portal Nexus space","type":10,"category":207,"actions":["Build"],"coordinates":[[7534,27376]],"size":[2,2,523],"rotations":[0],"colors":[7122329,6396809,8434380,6990537]},{"id":41030,"name":"Statue space","type":11,"category":207,"actions":["Build"],"coordinates":[[7586,27388]],"size":[2,2,523],"rotations":[0],"colors":[7122329,6396809,8434380,6990537]},{"id":41028,"name":"Banner stand space","type":11,"category":207,"actions":["Build"],"coordinates":[[7584,27362]],"size":[1,1,523],"rotations":[0],"colors":[7122329,6396809,8434380,6990537]},{"id":41024,"name":"Pedestal space","type":10,"category":207,"actions":["Build"],"coordinates":[[7590,27364]],"size":[2,2,523],"rotations":[0],"colors":[7122329,6396809,8434380,6990537]},{"id":41025,"name":"Pedestal space","type":10,"category":207,"actions":["Build"],"coordinates":[[7598,27364]],"size":[2,2,523],"rotations":[0],"colors":[7122329,6396809,8434380,6990537]},{"id":41026,"name":"Pedestal space","type":10,"category":207,"actions":["Build"],"coordinates":[[7606,27364]],"size":[2,2,523],"rotations":[0],"colors":[7122329,6396809,8434380,6990537]},{"id":41027,"name":"Trophy case space","type":11,"category":207,"actions":["Build"],"coordinates":[[7610,27388]],"size":[2,2,523],"rotations":[0],"colors":[7122329,6396809,8434380,6990537]},{"id":41029,"name":"Outfit stand space","type":11,"category":207,"actions":["Build"],"coordinates":[[7612,27362]],"size":[1,1,523],"rotations":[0],"colors":[7122329,6396809,8434380,6990537]}]