[{"id":60174,"name":"Opening","type":10,"category":0,"actions":["Exit"],"coordinates":[[7732,12348]],"size":[5,2,523],"rotations":[0],"colors":[7122329,6396809,8434380,6990537]},{"id":60177,"name":"minotaurs_rest_cave_wall_upper","type":0,"category":0,"actions":[],"coordinates":[[7728,12346],[7732,12346],[7736,12346]],"size":[1,1,523],"rotations":[0,0,0],"colors":[7122329,6396809,8434380,6990537]},{"id":60179,"name":"Fire","type":10,"category":152,"actions":[],"coordinates":[[7800,12398]],"size":[3,3,523],"rotations":[0],"colors":[7122329,6396809,8434380,6990537]},{"id":60180,"name":"Table","type":11,"category":0,"actions":[],"coordinates":[[7820,12390]],"size":[3,3,523],"rotations":[0],"colors":[7122329,6396809,8434380,6990537]},{"id":60181,"name":"Bed","type":11,"category":0,"actions":[],"coordinates":[[7830,12460],[7854,12444],[7854,12392],[7870,12424]],"size":[4,4,523],"rotations":[0,0,0,0],"colors":[7122329,6396809,8434380,6990537]}]