[{"id":12246,"name":"Skeleton","type":10,"category":0,"actions":[],"coordinates":[[7712,12646]],"size":[1,1,523],"rotations":[0],"colors":[7122329,6396809,8434380,6990537]},{"id":40742,"name":"Dark Chest","type":10,"category":0,"actions":["Open","Check"],"coordinates":[[7712,12638],[7716,12646],[7716,12634],[7720,12646]],"size":[1,1,523],"rotations":[0,0,0,0],"colors":[7122329,6396809,8434380,6990537]},{"id":40229,"name":"Campbed","type":11,"category":0,"actions":[],"coordinates":[[7722,12636]],"size":[2,2,523],"rotations":[0],"colors":[7122329,6396809,8434380,6990537]},{"id":9562,"name":"Cell door","type":0,"category":0,"actions":["Open"],"coordinates":[[7728,12642]],"size":[1,1,523],"rotations":[0],"colors":[7122329,6396809,8434380,6990537]},{"id":40744,"name":"Barrel","type":10,"category":0,"actions":[],"coordinates":[[7736,12650],[7736,12622],[7736,12618],[7740,12650],[7740,12618],[7752,12646],[7756,12646],[7756,12642]],"size":[1,1,523],"rotations":[0,0,0,0,0,0,0,0],"colors":[7122329,6396809,8434380,6990537]},{"id":12247,"name":"Skeleton","type":10,"category":0,"actions":[],"coordinates":[[7736,12626]],"size":[1,1,523],"rotations":[0],"colors":[7122329,6396809,8434380,6990537]},{"id":1796,"name":"Wall","type":0,"category":0,"actions":["Inspect"],"coordinates":[[7744,12654]],"size":[1,1,523],"rotations":[0],"colors":[7122329,6396809,8434380,6990537]},{"id":24333,"name":"Table","type":10,"category":156,"actions":[],"coordinates":[[7744,12636]],"size":[2,1,523],"rotations":[1],"colors":[7122329,6396809,8434380,6990537]},{"id":30196,"name":"Chain","type":10,"category":0,"actions":[],"coordinates":[[7748,12618]],"size":[1,1,523],"rotations":[0],"colors":[7122329,6396809,8434380,6990537]},{"id":40746,"name":"Ladder","type":10,"category":0,"actions":["Climb-up"],"coordinates":[[7764,12626]],"size":[1,1,523],"rotations":[0],"colors":[7122329,6396809,8434380,6990537]}]