[{"id":60313,"name":"Crate","type":10,"category":0,"actions":[],"coordinates":[[7684,39386],[7688,39390],[7764,39414],[7776,39406]],"size":[1,1,523],"rotations":[0,0,0,0],"colors":[7122329,6396809,8434380,6990537]},{"id":60318,"name":"Barrel of fish","type":10,"category":0,"actions":[],"coordinates":[[7688,39386],[7712,39386]],"size":[1,1,523],"rotations":[0,0],"colors":[7122329,6396809,8434380,6990537]},{"id":59832,"name":"Gangplank","type":22,"category":2340,"actions":["Board","Board-previous","Board-friend"],"coordinates":[[7692,39398]],"size":[1,1,523],"rotations":[0],"colors":[7122329,6396809,8434380,6990537]},{"id":60317,"name":"Crate","type":10,"category":0,"actions":[],"coordinates":[[7692,39386],[7760,39414],[7780,39366],[7784,39414],[7788,39398],[7792,39398],[7832,39378]],"size":[1,1,523],"rotations":[0,0,0,0,0,0,0],"colors":[7122329,6396809,8434380,6990537]},{"id":60320,"name":"Ledger table","type":10,"category":2345,"actions":["Take-cargo","Take-last-cargo","Take-any-cargo"],"coordinates":[[7708,39386]],"size":[1,1,523],"rotations":[0],"colors":[7122329,6396809,8434380,6990537]},{"id":11371,"name":"Gold rocks","type":10,"category":199,"actions":["Mine"],"coordinates":[[7716,39258],[7740,39278],[7760,39270]],"size":[1,1,523],"rotations":[0,0,0],"colors":[7122329,6396809,8434380,6990537]},{"id":59795,"name":"Buoy","type":11,"category":2339,"actions":["Dock"],"coordinates":[[7722,39408]],"size":[2,2,523],"rotations":[0],"colors":[7122329,6396809,8434380,6990537]},{"id":58917,"name":"Lead rocks","type":10,"category":2310,"actions":["Mine"],"coordinates":[[7720,39274],[7728,39266],[7732,39254],[7736,39262],[7740,39250],[7744,39254],[7756,39274]],"size":[1,1,523],"rotations":[0,0,0,0,0,0,0],"colors":[7122329,6396809,8434380,6990537]},{"id":58923,"name":"Nickel rocks","type":10,"category":2312,"actions":["Mine"],"coordinates":[[7720,39254],[7724,39278],[7724,39250],[7728,39254],[7732,39282],[7744,39266],[7748,39258],[7756,39262],[7760,39266]],"size":[1,1,523],"rotations":[0,0,0,0,0,0,0,0,0],"colors":[7122329,6396809,8434380,6990537]},{"id":60307,"name":"Notice board","type":10,"category":2344,"actions":["Inspect"],"coordinates":[[7728,39386]],"size":[3,1,523],"rotations":[0],"colors":[7122329,6396809,8434380,6990537]},{"id":11370,"name":"Gold rocks","type":10,"category":199,"actions":["Mine"],"coordinates":[[7728,39270],[7736,39282],[7752,39258]],"size":[1,1,523],"rotations":[0,0,0],"colors":[7122329,6396809,8434380,6990537]},{"id":11369,"name":"Silver rocks","type":10,"category":285,"actions":["Mine"],"coordinates":[[7728,39258],[7736,39266]],"size":[1,1,523],"rotations":[0,0],"colors":[7122329,6396809,8434380,6990537]},{"id":1392,"name":"Plant","type":10,"category":0,"actions":[],"coordinates":[[7734,39312],[7810,39304],[7834,39252]],"size":[2,2,523],"rotations":[0,0,0],"colors":[7122329,6396809,8434380,6990537]},{"id":11368,"name":"Silver rocks","type":10,"category":285,"actions":["Mine"],"coordinates":[[7736,39250],[7740,39262],[7752,39274]],"size":[1,1,523],"rotations":[0,0,0],"colors":[7122329,6396809,8434380,6990537]},{"id":58128,"name":"Bank chest","type":10,"category":237,"actions":["Bank","Collect"],"coordinates":[[7744,39414]],"size":[1,1,523],"rotations":[0],"colors":[7122329,6396809,8434380,6990537]},{"id":59988,"name":"Sailors' Marker","type":10,"category":0,"actions":["Inspect"],"coordinates":[[7744,39366]],"size":[1,1,523],"rotations":[0],"colors":[7122329,6396809,8434380,6990537]},{"id":1391,"name":"Plant","type":10,"category":0,"actions":[],"coordinates":[[7746,39304],[7786,39320],[7794,39260],[7858,39292],[7862,39252]],"size":[2,2,523],"rotations":[0,0,0,0,0],"colors":[7122329,6396809,8434380,6990537]},{"id":59724,"name":"Shipwrights' Workbench","type":10,"category":2334,"actions":["Craft"],"coordinates":[[7748,39392]],"size":[2,1,523],"rotations":[3],"colors":[7122329,6396809,8434380,6990537]},{"id":50902,"name":"Bank Deposit Box","type":10,"category":276,"actions":["Deposit"],"coordinates":[[7748,39378]],"size":[1,1,523],"rotations":[0],"colors":[7122329,6396809,8434380,6990537]},{"id":1276,"name":"Tree","type":10,"category":189,"actions":["Chop down"],"coordinates":[[7750,39308],[7790,39244],[7794,39264],[7822,39288],[7862,39268]],"size":[2,2,523],"rotations":[0,0,0,0,0],"colors":[7122329,6396809,8434380,6990537]},{"id":57204,"name":"Barrel","type":10,"category":0,"actions":[],"coordinates":[[7752,39406],[7780,39398]],"size":[1,1,523],"rotations":[0,0],"colors":[7122329,6396809,8434380,6990537]},{"id":7167,"name":"Stool","type":10,"category":884,"actions":[],"coordinates":[[7752,39402],[7752,39390],[7756,39398],[7764,39402],[7764,39390]],"size":[1,1,523],"rotations":[0,0,0,0,0],"colors":[7122329,6396809,8434380,6990537]},{"id":7169,"name":"Table","type":10,"category":155,"actions":[],"coordinates":[[7752,39394],[7760,39378]],"size":[1,1,523],"rotations":[0,0],"colors":[7122329,6396809,8434380,6990537]},{"id":7175,"name":"Table","type":10,"category":156,"actions":[],"coordinates":[[7754,39386],[7758,39402]],"size":[2,1,523],"rotations":[2,2],"colors":[7122329,6396809,8434380,6990537]},{"id":7184,"name":"Range","type":10,"category":687,"actions":["Cook"],"coordinates":[[7754,39378]],"size":[1,2,523],"rotations":[1],"colors":[7122329,6396809,8434380,6990537]},{"id":5097,"name":"Smoking vent","type":5,"category":0,"actions":[],"coordinates":[[7752,39374]],"size":[1,1,523],"rotations":[0],"colors":[7122329,6396809,8434380,6990537]},{"id":1278,"name":"Tree","type":10,"category":189,"actions":["Chop down"],"coordinates":[[7758,39304],[7782,39240],[7786,39256],[7810,39216],[7838,39252],[7866,39272]],"size":[2,2,523],"rotations":[0,0,0,0,0,0],"colors":[7122329,6396809,8434380,6990537]},{"id":60463,"name":"Salvaging station","type":10,"category":2346,"actions":["Sort-salvage"],"coordinates":[[7764,39366]],"size":[3,1,523],"rotations":[0],"colors":[7122329,6396809,8434380,6990537]},{"id":60166,"name":"Cave","type":10,"category":0,"actions":["Enter"],"coordinates":[[7762,39208]],"size":[4,2,523],"rotations":[3],"colors":[7122329,6396809,8434380,6990537]},{"id":58118,"name":"Door","type":0,"category":0,"actions":[],"coordinates":[[7764,39398],[7772,39390],[7784,39390]],"size":[1,1,523],"rotations":[0,0,0],"colors":[7122329,6396809,8434380,6990537]},{"id":60147,"name":"Bunkbed","type":10,"category":0,"actions":[],"coordinates":[[7766,39386],[7766,39378],[7776,39380]],"size":[2,1,523],"rotations":[0,0,1],"colors":[7122329,6396809,8434380,6990537]},{"id":11364,"name":"Iron rocks","type":10,"category":218,"actions":["Mine"],"coordinates":[[7764,39226]],"size":[1,1,523],"rotations":[0],"colors":[7122329,6396809,8434380,6990537]},{"id":11365,"name":"Iron rocks","type":10,"category":218,"actions":["Mine"],"coordinates":[[7764,39218],[7768,39230],[7784,39210],[7784,39194],[7788,39214]],"size":[1,1,523],"rotations":[0,0,0,0,0],"colors":[7122329,6396809,8434380,6990537]},{"id":7192,"name":"Chest","type":10,"category":0,"actions":[],"coordinates":[[7772,39378]],"size":[1,1,523],"rotations":[0],"colors":[7122329,6396809,8434380,6990537]},{"id":10943,"name":"Copper rocks","type":10,"category":196,"actions":["Mine"],"coordinates":[[7772,39230],[7792,39202]],"size":[1,1,523],"rotations":[0,0],"colors":[7122329,6396809,8434380,6990537]},{"id":11161,"name":"Copper rocks","type":10,"category":196,"actions":["Mine"],"coordinates":[[7772,39198],[7780,39218]],"size":[1,1,523],"rotations":[0,0],"colors":[7122329,6396809,8434380,6990537]},{"id":60525,"name":"Gangplank","type":10,"category":0,"actions":["Cross"],"coordinates":[[7776,39422]],"size":[1,1,523],"rotations":[0],"colors":[7122329,6396809,8434380,6990537]},{"id":60524,"name":"Gangplank","type":10,"category":0,"actions":["Cross"],"coordinates":[[7776,39418]],"size":[1,1,523],"rotations":[0],"colors":[7122329,6396809,8434380,6990537]},{"id":11372,"name":"Mithril rocks","type":10,"category":252,"actions":["Mine"],"coordinates":[[7776,39222],[7788,39206]],"size":[1,1,523],"rotations":[0,0],"colors":[7122329,6396809,8434380,6990537]},{"id":11373,"name":"Mithril rocks","type":10,"category":252,"actions":["Mine"],"coordinates":[[7776,39210],[7780,39202],[7792,39198]],"size":[1,1,523],"rotations":[0,0,0],"colors":[7122329,6396809,8434380,6990537]},{"id":11360,"name":"Tin rocks","type":10,"category":198,"actions":["Mine"],"coordinates":[[7776,39206]],"size":[1,1,523],"rotations":[0],"colors":[7122329,6396809,8434380,6990537]},{"id":57790,"name":"Yew tree","type":10,"category":288,"actions":["Chop down"],"coordinates":[[7784,39298],[7804,39302],[7804,39270],[7816,39298],[7820,39278]],"size":[3,3,523],"rotations":[0,0,0,0,0],"colors":[7122329,6396809,8434380,6990537]},{"id":59999,"name":"Lockbox","type":10,"category":0,"actions":["Open"],"coordinates":[[7780,39246]],"size":[1,1,523],"rotations":[0],"colors":[7122329,6396809,8434380,6990537]},{"id":11361,"name":"Tin rocks","type":10,"category":198,"actions":["Mine"],"coordinates":[[7780,39194],[7796,39214]],"size":[1,1,523],"rotations":[0,0],"colors":[7122329,6396809,8434380,6990537]},{"id":60319,"name":"Barrel of liquid","type":10,"category":0,"actions":[],"coordinates":[[7784,39410],[7784,39366]],"size":[1,1,523],"rotations":[0,0],"colors":[7122329,6396809,8434380,6990537]},{"id":60314,"name":"Crate","type":10,"category":0,"actions":[],"coordinates":[[7784,39398],[7788,39402],[7804,39402],[7832,39374]],"size":[1,1,523],"rotations":[0,0,0,0],"colors":[7122329,6396809,8434380,6990537]},{"id":7440,"name":"Desk","type":10,"category":0,"actions":[],"coordinates":[[7786,39382]],"size":[2,1,523],"rotations":[2],"colors":[7122329,6396809,8434380,6990537]},{"id":60150,"name":"Buffers","type":10,"category":0,"actions":[],"coordinates":[[7784,39226],[7804,39218],[7848,39294]],"size":[1,1,523],"rotations":[0,0,0],"colors":[7122329,6396809,8434380,6990537]},{"id":3027,"name":"Shelves","type":10,"category":0,"actions":[],"coordinates":[[7788,39390]],"size":[1,1,523],"rotations":[0],"colors":[7122329,6396809,8434380,6990537]},{"id":7182,"name":"Chair","type":11,"category":884,"actions":[],"coordinates":[[7788,39378]],"size":[1,1,523],"rotations":[0],"colors":[7122329,6396809,8434380,6990537]},{"id":10820,"name":"Oak tree","type":10,"category":279,"actions":["Chop down"],"coordinates":[[7792,39278],[7812,39226],[7840,39266],[7860,39246],[7864,39290],[7868,39254]],"size":[3,3,523],"rotations":[0,0,0,0,0,0],"colors":[7122329,6396809,8434380,6990537]},{"id":60165,"name":"Mine cart","type":10,"category":0,"actions":[],"coordinates":[[7792,39226],[7848,39286],[7864,39278]],"size":[1,1,523],"rotations":[0,0,0],"colors":[7122329,6396809,8434380,6990537]},{"id":60145,"name":"Furnace","type":10,"category":215,"actions":["Smelt"],"coordinates":[[7800,39410]],"size":[3,3,523],"rotations":[0],"colors":[7122329,6396809,8434380,6990537]},{"id":2097,"name":"Anvil","type":10,"category":772,"actions":["Smith"],"coordinates":[[7796,39386]],"size":[1,1,523],"rotations":[0],"colors":[7122329,6396809,8434380,6990537]},{"id":60310,"name":"Crane","type":10,"category":0,"actions":[],"coordinates":[[7810,39392]],"size":[2,4,523],"rotations":[1],"colors":[7122329,6396809,8434380,6990537]},{"id":60164,"name":"Mine cart","type":10,"category":0,"actions":[],"coordinates":[[7804,39222],[7868,39278],[7872,39278]],"size":[1,1,523],"rotations":[0,0,0],"colors":[7122329,6396809,8434380,6990537]},{"id":11468,"name":"Lantern","type":11,"category":0,"actions":[],"coordinates":[[7824,39326],[7840,39282],[7844,39310],[7856,39290]],"size":[1,1,523],"rotations":[0,0,0,0],"colors":[7122329,6396809,8434380,6990537]},{"id":60148,"name":"Machinery","type":10,"category":0,"actions":[],"coordinates":[[7876,39278]],"size":[1,1,523],"rotations":[0],"colors":[7122329,6396809,8434380,6990537]}]