[{"id":59812,"name":"Buoy","type":11,"category":2339,"actions":["Dock"],"coordinates":[[7798,37956]],"size":[2,2,523],"rotations":[0],"colors":[7122329,6396809,8434380,6990537]},{"id":58413,"name":"Rowboat","type":11,"category":0,"actions":[],"coordinates":[[7814,37990]],"size":[2,3,523],"rotations":[2],"colors":[7122329,6396809,8434380,6990537]},{"id":58543,"name":"Palm","type":10,"category":0,"actions":[],"coordinates":[[7824,37998],[7844,37978],[7864,37982]],"size":[1,1,523],"rotations":[0,0,0],"colors":[7122329,6396809,8434380,6990537]},{"id":59834,"name":"Mooring point","type":11,"category":2340,"actions":["Board","Board-previous","Board-friend"],"coordinates":[[7832,37966]],"size":[1,1,523],"rotations":[0],"colors":[7122329,6396809,8434380,6990537]},{"id":42401,"name":"Plant","type":10,"category":0,"actions":[],"coordinates":[[7842,38028],[7846,38004]],"size":[2,2,523],"rotations":[0,0],"colors":[7122329,6396809,8434380,6990537]},{"id":58542,"name":"Palm","type":11,"category":0,"actions":[],"coordinates":[[7840,38022],[7880,38010]],"size":[1,1,523],"rotations":[0,0],"colors":[7122329,6396809,8434380,6990537]},{"id":18895,"name":"Rockslide","type":10,"category":0,"actions":[],"coordinates":[[7842,37984],[7850,38036],[7874,38040]],"size":[2,2,523],"rotations":[0,0,0],"colors":[7122329,6396809,8434380,6990537]},{"id":42398,"name":"Plant","type":10,"category":0,"actions":[],"coordinates":[[7846,37972]],"size":[2,2,523],"rotations":[0],"colors":[7122329,6396809,8434380,6990537]},{"id":51762,"name":"Tree","type":10,"category":189,"actions":["Chop down"],"coordinates":[[7850,38032],[7870,38020],[7874,37988]],"size":[2,2,523],"rotations":[0,0,0],"colors":[7122329,6396809,8434380,6990537]},{"id":51748,"name":"Food pot","type":10,"category":0,"actions":[],"coordinates":[[7848,37998]],"size":[1,1,523],"rotations":[0],"colors":[7122329,6396809,8434380,6990537]},{"id":51727,"name":"Stool","type":10,"category":0,"actions":[],"coordinates":[[7848,37994]],"size":[1,1,523],"rotations":[0],"colors":[7122329,6396809,8434380,6990537]},{"id":51842,"name":"Bed","type":10,"category":0,"actions":[],"coordinates":[[7850,37990]],"size":[1,2,523],"rotations":[3],"colors":[7122329,6396809,8434380,6990537]},{"id":18893,"name":"Rockslide","type":10,"category":0,"actions":[],"coordinates":[[7850,37984],[7878,38036]],"size":[2,2,523],"rotations":[0,0],"colors":[7122329,6396809,8434380,6990537]},{"id":18894,"name":"Rockslide","type":10,"category":0,"actions":[],"coordinates":[[7850,37976],[7858,37984]],"size":[2,2,523],"rotations":[0,0],"colors":[7122329,6396809,8434380,6990537]},{"id":51819,"name":"Spikey bush","type":10,"category":0,"actions":[],"coordinates":[[7852,38038],[7876,38010],[7880,38030]],"size":[1,1,523],"rotations":[0,0,0],"colors":[7122329,6396809,8434380,6990537]},{"id":58541,"name":"Palm","type":11,"category":0,"actions":[],"coordinates":[[7856,38042],[7872,37994],[7876,38046]],"size":[1,1,523],"rotations":[0,0,0],"colors":[7122329,6396809,8434380,6990537]},{"id":51730,"name":"Table","type":10,"category":154,"actions":[],"coordinates":[[7858,37990]],"size":[2,1,523],"rotations":[0],"colors":[7122329,6396809,8434380,6990537]},{"id":60173,"name":"Cave entrance","type":10,"category":0,"actions":["Enter"],"coordinates":[[7866,38050]],"size":[4,3,523],"rotations":[2],"colors":[7122329,6396809,8434380,6990537]},{"id":52647,"name":"Oven","type":10,"category":687,"actions":["Cook"],"coordinates":[[7862,37998]],"size":[2,1,523],"rotations":[2],"colors":[7122329,6396809,8434380,6990537]},{"id":51818,"name":"Spikey bush","type":10,"category":0,"actions":[],"coordinates":[[7864,38002],[7876,37994],[7888,38026]],"size":[1,1,523],"rotations":[0,0,0],"colors":[7122329,6396809,8434380,6990537]},{"id":51751,"name":"Empty pot","type":10,"category":0,"actions":[],"coordinates":[[7864,37990]],"size":[1,1,523],"rotations":[0],"colors":[7122329,6396809,8434380,6990537]},{"id":47370,"name":"Plant","type":10,"category":0,"actions":[],"coordinates":[[7868,37998],[7880,38014]],"size":[1,1,523],"rotations":[0,0],"colors":[7122329,6396809,8434380,6990537]}]