[{"id":59910,"name":"Hoisted sail","type":10,"category":0,"actions":[],"coordinates":[[7750,39430]],"size":[8,1,523],"rotations":[0],"colors":[7122329,6396809,8434380,6990537]},{"id":59905,"name":"Figurehead","type":10,"category":0,"actions":[],"coordinates":[[7764,39430]],"size":[1,1,523],"rotations":[0],"colors":[7122329,6396809,8434380,6990537]},{"id":59911,"name":"Hoisted sail","type":10,"category":0,"actions":[],"coordinates":[[7784,39430]],"size":[1,1,523],"rotations":[0],"colors":[7122329,6396809,8434380,6990537]},{"id":59928,"name":"Ship's wheel","type":10,"category":0,"actions":[],"coordinates":[[7792,39430]],"size":[1,1,523],"rotations":[0],"colors":[7122329,6396809,8434380,6990537]}]