[{"id":60003,"name":"Lockbox","type":10,"category":0,"actions":["Open"],"coordinates":[[7752,34162]],"size":[1,1,523],"rotations":[0],"colors":[7122329,6396809,8434380,6990537]},{"id":58595,"name":"Rockslide","type":10,"category":0,"actions":[],"coordinates":[[7758,34160],[7766,34144],[7766,34132]],"size":[2,2,523],"rotations":[0,0,0],"colors":[7122329,6396809,8434380,6990537]},{"id":58596,"name":"Rockslide","type":10,"category":0,"actions":[],"coordinates":[[7762,34128],[7770,34112],[7778,34156],[7798,34124],[7810,34140],[7818,34164]],"size":[2,2,523],"rotations":[0,0,0,0,0,0],"colors":[7122329,6396809,8434380,6990537]},{"id":23252,"name":"Wreck","type":11,"category":0,"actions":[],"coordinates":[[7764,34182]],"size":[1,1,523],"rotations":[0],"colors":[7122329,6396809,8434380,6990537]},{"id":58593,"name":"Rockslide","type":10,"category":0,"actions":[],"coordinates":[[7766,34160]],"size":[2,2,523],"rotations":[0],"colors":[7122329,6396809,8434380,6990537]},{"id":58594,"name":"Rockslide","type":10,"category":0,"actions":[],"coordinates":[[7770,34152],[7774,34164],[7806,34156],[7810,34148],[7810,34128]],"size":[2,2,523],"rotations":[0,0,0,0,0],"colors":[7122329,6396809,8434380,6990537]},{"id":60518,"name":"Reinforced chest","type":10,"category":2350,"actions":["Picklock"],"coordinates":[[7768,34138]],"size":[1,1,523],"rotations":[0],"colors":[7122329,6396809,8434380,6990537]},{"id":42389,"name":"Pine tree","type":10,"category":0,"actions":[],"coordinates":[[7768,34130],[7772,34114],[7776,34154],[7784,34174],[7796,34154],[7804,34122],[7828,34182],[7832,34166]],"size":[1,1,523],"rotations":[0,0,0,0,0,0,0,0],"colors":[7122329,6396809,8434380,6990537]},{"id":25464,"name":"Potential fire","type":10,"category":0,"actions":[],"coordinates":[[7772,34178]],"size":[1,1,523],"rotations":[0],"colors":[7122329,6396809,8434380,6990537]},{"id":1291,"name":"Dead tree","type":10,"category":189,"actions":["Chop down"],"coordinates":[[7772,34174],[7780,34146],[7812,34182],[7812,34134]],"size":[1,1,523],"rotations":[0,0,0,0],"colors":[7122329,6396809,8434380,6990537]},{"id":11433,"name":"Rockslide","type":10,"category":0,"actions":[],"coordinates":[[7774,34120],[7778,34112],[7794,34112]],"size":[2,2,523],"rotations":[0,0,0],"colors":[7122329,6396809,8434380,6990537]},{"id":43937,"name":"Skeleton","type":10,"category":0,"actions":[],"coordinates":[[7776,34174]],"size":[1,1,523],"rotations":[0],"colors":[7122329,6396809,8434380,6990537]},{"id":60011,"name":"Cave","type":10,"category":0,"actions":["Inspect"],"coordinates":[[7784,34114]],"size":[3,3,523],"rotations":[0],"colors":[7122329,6396809,8434380,6990537]},{"id":11432,"name":"Rockslide","type":10,"category":0,"actions":[],"coordinates":[[7786,34108],[7794,34120]],"size":[2,2,523],"rotations":[0,0],"colors":[7122329,6396809,8434380,6990537]},{"id":1297,"name":"Fallen tree","type":11,"category":0,"actions":[],"coordinates":[[7796,34172]],"size":[3,2,523],"rotations":[2],"colors":[7122329,6396809,8434380,6990537]},{"id":59834,"name":"Mooring point","type":10,"category":2340,"actions":["Board","Board-previous","Board-friend"],"coordinates":[[7816,34210]],"size":[1,1,523],"rotations":[0],"colors":[7122329,6396809,8434380,6990537]},{"id":59826,"name":"Buoy","type":10,"category":2339,"actions":["Dock"],"coordinates":[[7850,34216]],"size":[2,2,523],"rotations":[0],"colors":[7122329,6396809,8434380,6990537]}]