[{"id":8952,"name":"Rock","type":10,"category":0,"actions":[],"coordinates":[[7706,32960]],"size":[2,2,523],"rotations":[0],"colors":[7122329,6396809,8434380,6990537]},{"id":8950,"name":"Rock","type":10,"category":0,"actions":[],"coordinates":[[7718,32972],[7826,32992]],"size":[2,2,523],"rotations":[0,0],"colors":[7122329,6396809,8434380,6990537]},{"id":10179,"name":"Standing Torch","type":10,"category":0,"actions":[],"coordinates":[[7728,32998],[7740,32982],[7752,33006],[7800,33006],[7800,32982],[7848,32950]],"size":[1,1,523],"rotations":[0,0,0,0,0,0],"colors":[7122329,6396809,8434380,6990537]},{"id":10217,"name":"Ladder","type":10,"category":0,"actions":["Climb-up"],"coordinates":[[7828,32946]],"size":[1,1,523],"rotations":[0],"colors":[7122329,6396809,8434380,6990537]},{"id":8951,"name":"Rock","type":10,"category":0,"actions":[],"coordinates":[[7844,32982]],"size":[1,1,523],"rotations":[0],"colors":[7122329,6396809,8434380,6990537]}]