[{"id":10056,"name":"Dead tree","type":10,"category":0,"actions":[],"coordinates":[[7686,30452],[7690,30424],[7698,30412],[7730,30420],[7734,30432]],"size":[2,2,523],"rotations":[0,0,0,0,0],"colors":[7122329,6396809,8434380,6990537]},{"id":1282,"name":"Dead tree","type":10,"category":189,"actions":["Chop down"],"coordinates":[[7690,30212]],"size":[2,2,523],"rotations":[0],"colors":[7122329,6396809,8434380,6990537]},{"id":1124,"name":"Bush","type":11,"category":219,"actions":[],"coordinates":[[7692,30230],[7696,30222],[7700,30226],[7736,30238]],"size":[1,1,523],"rotations":[0,0,0,0],"colors":[7122329,6396809,8434380,6990537]},{"id":9364,"name":"Grave","type":10,"category":1472,"actions":["Take-Coffin"],"coordinates":[[7696,30444]],"size":[1,2,523],"rotations":[0],"colors":[7122329,6396809,8434380,6990537]},{"id":9359,"name":"Gravestone","type":10,"category":1471,"actions":["Read"],"coordinates":[[7696,30438]],"size":[1,1,523],"rotations":[0],"colors":[7122329,6396809,8434380,6990537]},{"id":1276,"name":"Tree","type":11,"category":189,"actions":["Chop down"],"coordinates":[[7702,30220],[7750,30292]],"size":[2,2,523],"rotations":[0,0],"colors":[7122329,6396809,8434380,6990537]},{"id":9365,"name":"Grave","type":10,"category":1472,"actions":["Take-Coffin"],"coordinates":[[7704,30432]],"size":[1,2,523],"rotations":[0],"colors":[7122329,6396809,8434380,6990537]},{"id":9360,"name":"Gravestone","type":10,"category":1471,"actions":["Read"],"coordinates":[[7704,30426]],"size":[1,1,523],"rotations":[0],"colors":[7122329,6396809,8434380,6990537]},{"id":10055,"name":"Mausoleum","type":10,"category":276,"actions":["Deposit"],"coordinates":[[7712,30410]],"size":[3,3,523],"rotations":[0],"colors":[7122329,6396809,8434380,6990537]},{"id":9366,"name":"Grave","type":10,"category":1472,"actions":["Take-Coffin"],"coordinates":[[7712,30444]],"size":[1,2,523],"rotations":[0],"colors":[7122329,6396809,8434380,6990537]},{"id":9361,"name":"Gravestone","type":10,"category":1471,"actions":["Read"],"coordinates":[[7712,30438]],"size":[1,1,523],"rotations":[0],"colors":[7122329,6396809,8434380,6990537]},{"id":9367,"name":"Grave","type":10,"category":1472,"actions":["Take-Coffin"],"coordinates":[[7720,30432]],"size":[1,2,523],"rotations":[0],"colors":[7122329,6396809,8434380,6990537]},{"id":9362,"name":"Gravestone","type":10,"category":1471,"actions":["Read"],"coordinates":[[7720,30426]],"size":[1,1,523],"rotations":[0],"colors":[7122329,6396809,8434380,6990537]},{"id":10057,"name":"Tree stump","type":10,"category":0,"actions":[],"coordinates":[[7722,30412]],"size":[2,2,523],"rotations":[0],"colors":[7122329,6396809,8434380,6990537]},{"id":10820,"name":"Oak tree","type":11,"category":279,"actions":["Chop down"],"coordinates":[[7724,30214],[7748,30238]],"size":[3,3,523],"rotations":[0,0],"colors":[7122329,6396809,8434380,6990537]},{"id":10049,"name":"Grave","type":10,"category":1472,"actions":["Take-Coffin"],"coordinates":[[7728,30444]],"size":[1,2,523],"rotations":[0],"colors":[7122329,6396809,8434380,6990537]},{"id":9363,"name":"Gravestone","type":10,"category":1471,"actions":["Read"],"coordinates":[[7728,30438]],"size":[1,1,523],"rotations":[0],"colors":[7122329,6396809,8434380,6990537]},{"id":10822,"name":"Yew tree","type":11,"category":288,"actions":["Chop down"],"coordinates":[[7744,30218],[7756,30278]],"size":[3,3,523],"rotations":[0,0],"colors":[7122329,6396809,8434380,6990537]},{"id":8982,"name":"Pinball Post","type":10,"category":0,"actions":["Tag"],"coordinates":[[7868,30246]],"size":[1,1,523],"rotations":[0],"colors":[7122329,6396809,8434380,6990537]},{"id":8984,"name":"Pinball Post","type":10,"category":0,"actions":["Tag"],"coordinates":[[7876,30234]],"size":[1,1,523],"rotations":[0],"colors":[7122329,6396809,8434380,6990537]},{"id":9293,"name":"Cave Exit","type":10,"category":0,"actions":["Exit"],"coordinates":[[7888,30284]],"size":[3,2,523],"rotations":[2],"colors":[7122329,6396809,8434380,6990537]},{"id":9079,"name":"Pinball Post","type":10,"category":0,"actions":["Tag"],"coordinates":[[7888,30230]],"size":[1,1,523],"rotations":[0],"colors":[7122329,6396809,8434380,6990537]},{"id":9081,"name":"Pinball Post","type":10,"category":0,"actions":["Tag"],"coordinates":[[7900,30234]],"size":[1,1,523],"rotations":[0],"colors":[7122329,6396809,8434380,6990537]},{"id":9258,"name":"Pinball Post","type":10,"category":0,"actions":["Tag"],"coordinates":[[7908,30246]],"size":[1,1,523],"rotations":[0],"colors":[7122329,6396809,8434380,6990537]}]