[{"id":6203,"name":"Lamp","type":10,"category":0,"actions":[],"coordinates":[[7744,30602],[7744,30538],[7824,30602],[7824,30538]],"size":[1,1,523],"rotations":[0,0,0,0],"colors":[7122329,6396809,8434380,6990537]},{"id":9141,"name":"Gate","type":0,"category":0,"actions":["Open"],"coordinates":[[7748,30554]],"size":[1,1,523],"rotations":[0],"colors":[7122329,6396809,8434380,6990537]},{"id":6150,"name":"Anvil","type":10,"category":772,"actions":["Smith"],"coordinates":[[7752,30546],[7760,30546],[7768,30546]],"size":[1,1,523],"rotations":[0,0,0],"colors":[7122329,6396809,8434380,6990537]},{"id":9138,"name":"Stairs","type":10,"category":0,"actions":["Climb-up"],"coordinates":[[7758,30604]],"size":[2,2,523],"rotations":[0],"colors":[7122329,6396809,8434380,6990537]},{"id":9093,"name":"Bar dispenser","type":10,"category":0,"actions":["Check"],"coordinates":[[7762,30578]],"size":[2,1,523],"rotations":[0],"colors":[7122329,6396809,8434380,6990537]},{"id":9143,"name":"Sink","type":10,"category":0,"actions":["Fill-bucket"],"coordinates":[[7768,30604]],"size":[1,2,523],"rotations":[0],"colors":[7122329,6396809,8434380,6990537]},{"id":9098,"name":"Melting Pot","type":10,"category":0,"actions":["Check"],"coordinates":[[7772,30576]],"size":[3,2,523],"rotations":[0],"colors":[7122329,6396809,8434380,6990537]},{"id":9099,"name":"Smoke","type":10,"category":0,"actions":[],"coordinates":[[7772,30576]],"size":[3,2,523],"rotations":[0],"colors":[7122329,6396809,8434380,6990537]},{"id":9116,"name":"Pipes","type":10,"category":0,"actions":[],"coordinates":[[7772,30586]],"size":[1,1,523],"rotations":[0],"colors":[7122329,6396809,8434380,6990537]},{"id":9115,"name":"Smoke","type":10,"category":0,"actions":[],"coordinates":[[7774,30582]],"size":[2,1,523],"rotations":[0],"colors":[7122329,6396809,8434380,6990537]},{"id":9101,"name":"Conveyor belt","type":10,"category":0,"actions":[],"coordinates":[[7772,30570],[7772,30566]],"size":[1,1,523],"rotations":[0,0],"colors":[7122329,6396809,8434380,6990537]},{"id":9100,"name":"Conveyor belt","type":10,"category":0,"actions":["Put-ore-on"],"coordinates":[[7772,30562]],"size":[1,1,523],"rotations":[0],"colors":[7122329,6396809,8434380,6990537]},{"id":9107,"name":"Drive belt","type":10,"category":0,"actions":[],"coordinates":[[7776,30570]],"size":[1,1,523],"rotations":[0],"colors":[7122329,6396809,8434380,6990537]},{"id":9102,"name":"Drive belt","type":10,"category":0,"actions":[],"coordinates":[[7776,30562]],"size":[1,1,523],"rotations":[0],"colors":[7122329,6396809,8434380,6990537]},{"id":6176,"name":"Boxes","type":10,"category":0,"actions":["Search"],"coordinates":[[7776,30542],[7780,30538],[7784,30534],[7828,30566]],"size":[1,1,523],"rotations":[0,0,0,0],"colors":[7122329,6396809,8434380,6990537]},{"id":14395,"name":"Boxes","type":10,"category":0,"actions":[],"coordinates":[[7780,30606],[7780,30602],[7788,30606]],"size":[1,1,523],"rotations":[0,0,0],"colors":[7122329,6396809,8434380,6990537]},{"id":9089,"name":"Temperature gauge","type":10,"category":0,"actions":["Read"],"coordinates":[[7780,30586]],"size":[1,1,523],"rotations":[0],"colors":[7122329,6396809,8434380,6990537]},{"id":9108,"name":"Cogs","type":10,"category":0,"actions":[],"coordinates":[[7780,30570]],"size":[1,1,523],"rotations":[0],"colors":[7122329,6396809,8434380,6990537]},{"id":9106,"name":"Gear box","type":10,"category":0,"actions":[],"coordinates":[[7782,30566]],"size":[2,1,523],"rotations":[0],"colors":[7122329,6396809,8434380,6990537]},{"id":9104,"name":"Cogs","type":10,"category":0,"actions":[],"coordinates":[[7780,30562]],"size":[1,1,523],"rotations":[0],"colors":[7122329,6396809,8434380,6990537]},{"id":6178,"name":"Crates","type":10,"category":0,"actions":[],"coordinates":[[7784,30606],[7828,30562]],"size":[1,1,523],"rotations":[0,0],"colors":[7122329,6396809,8434380,6990537]},{"id":29328,"name":"Coffer","type":10,"category":0,"actions":["Use"],"coordinates":[[7784,30602]],"size":[1,1,523],"rotations":[0],"colors":[7122329,6396809,8434380,6990537]},{"id":9120,"name":"Pipes","type":10,"category":0,"actions":[],"coordinates":[[7788,30586]],"size":[1,1,523],"rotations":[0],"colors":[7122329,6396809,8434380,6990537]},{"id":9097,"name":"Pedals","type":10,"category":0,"actions":["Pedal"],"coordinates":[[7788,30566]],"size":[1,1,523],"rotations":[0],"colors":[7122329,6396809,8434380,6990537]},{"id":26707,"name":"Bank chest","type":10,"category":237,"actions":["Use","Collect"],"coordinates":[[7792,30606]],"size":[1,1,523],"rotations":[0],"colors":[7122329,6396809,8434380,6990537]},{"id":9123,"name":"Smoke","type":10,"category":0,"actions":[],"coordinates":[[7792,30586]],"size":[1,1,523],"rotations":[0],"colors":[7122329,6396809,8434380,6990537]},{"id":9085,"name":"Stove","type":10,"category":1591,"actions":["Refuel"],"coordinates":[[7794,30578]],"size":[2,1,523],"rotations":[0],"colors":[7122329,6396809,8434380,6990537]},{"id":6154,"name":"Shelves","type":10,"category":0,"actions":[],"coordinates":[[7792,30546],[7796,30542],[7804,30546],[7808,30542],[7816,30546],[7820,30598],[7820,30586],[7820,30542]],"size":[1,1,523],"rotations":[0,0,0,0,0,0,0,0],"colors":[7122329,6396809,8434380,6990537]},{"id":6157,"name":"Shelves","type":10,"category":0,"actions":[],"coordinates":[[7792,30542],[7796,30546],[7816,30598],[7816,30574],[7820,30582]],"size":[1,1,523],"rotations":[0,0,0,0,0],"colors":[7122329,6396809,8434380,6990537]},{"id":10529,"name":"Bank Deposit Box","type":11,"category":276,"actions":["Deposit"],"coordinates":[[7800,30606]],"size":[1,1,523],"rotations":[0],"colors":[7122329,6396809,8434380,6990537]},{"id":9088,"name":"Coke","type":10,"category":0,"actions":["Collect"],"coordinates":[[7800,30574]],"size":[1,1,523],"rotations":[0],"colors":[7122329,6396809,8434380,6990537]},{"id":6156,"name":"Shelves","type":10,"category":0,"actions":[],"coordinates":[[7804,30542],[7816,30594],[7816,30582],[7820,30570],[7820,30546]],"size":[1,1,523],"rotations":[0,0,0,0,0],"colors":[7122329,6396809,8434380,6990537]},{"id":6155,"name":"Shelves","type":10,"category":0,"actions":[],"coordinates":[[7808,30546],[7816,30586],[7816,30570],[7816,30542],[7820,30594],[7820,30574]],"size":[1,1,523],"rotations":[0,0,0,0,0,0],"colors":[7122329,6396809,8434380,6990537]},{"id":6196,"name":"Table","type":10,"category":155,"actions":[],"coordinates":[[7812,30534]],"size":[1,1,523],"rotations":[0],"colors":[7122329,6396809,8434380,6990537]}]