[{"id":18702,"name":"Door","type":0,"category":0,"actions":["Open"],"coordinates":[[7780,29858]],"size":[1,1,523],"rotations":[0],"colors":[7122329,6396809,8434380,6990537]},{"id":18703,"name":"Door","type":0,"category":0,"actions":["Open"],"coordinates":[[7780,29854]],"size":[1,1,523],"rotations":[0],"colors":[7122329,6396809,8434380,6990537]},{"id":11191,"name":"Rockslide","type":10,"category":0,"actions":[],"coordinates":[[7786,29880],[7786,29872],[7790,29888],[7802,29876],[7802,29868]],"size":[2,2,523],"rotations":[0,0,0,0,0],"colors":[7122329,6396809,8434380,6990537]},{"id":11192,"name":"Rockslide","type":10,"category":0,"actions":[],"coordinates":[[7786,29864],[7794,29868]],"size":[2,2,523],"rotations":[0,0],"colors":[7122329,6396809,8434380,6990537]},{"id":11190,"name":"Rockslide","type":10,"category":0,"actions":[],"coordinates":[[7794,29876],[7798,29884]],"size":[2,2,523],"rotations":[0,0],"colors":[7122329,6396809,8434380,6990537]},{"id":18599,"name":"Stairs","type":10,"category":0,"actions":["Climb-up"],"coordinates":[[7794,29792]],"size":[2,2,523],"rotations":[0],"colors":[7122329,6396809,8434380,6990537]},{"id":11193,"name":"Rockslide","type":10,"category":0,"actions":[],"coordinates":[[7802,29892],[7802,29860]],"size":[2,2,523],"rotations":[0,0],"colors":[7122329,6396809,8434380,6990537]},{"id":18700,"name":"Mind Door","type":0,"category":0,"actions":["Open"],"coordinates":[[7808,29834]],"size":[1,1,523],"rotations":[0],"colors":[7122329,6396809,8434380,6990537]},{"id":18698,"name":"Mind Door","type":0,"category":0,"actions":["Open"],"coordinates":[[7808,29830]],"size":[1,1,523],"rotations":[0],"colors":[7122329,6396809,8434380,6990537]},{"id":18693,"name":"Extractor gun","type":10,"category":0,"actions":[],"coordinates":[[7848,29838]],"size":[1,1,523],"rotations":[0],"colors":[7122329,6396809,8434380,6990537]},{"id":18696,"name":"Extractor gun","type":10,"category":0,"actions":[],"coordinates":[[7850,29838]],"size":[1,2,523],"rotations":[1],"colors":[7122329,6396809,8434380,6990537]},{"id":18690,"name":"Extractor hat","type":10,"category":0,"actions":["Operate"],"coordinates":[[7848,29830]],"size":[1,1,523],"rotations":[0],"colors":[7122329,6396809,8434380,6990537]},{"id":18692,"name":"Extractor hat-top","type":10,"category":0,"actions":[],"coordinates":[[7850,29830]],"size":[1,2,523],"rotations":[1],"colors":[7122329,6396809,8434380,6990537]}]