[{"id":29141,"name":"Adventure log space","type":10,"category":207,"actions":["Build"],"coordinates":[[7714,27388]],"size":[2,2,523],"rotations":[0],"colors":[7122329,6396809,8434380,6990537]},{"id":29143,"name":"Boss lair space","type":10,"category":207,"actions":["Build"],"coordinates":[[7716,27366]],"size":[3,3,523],"rotations":[0],"colors":[7122329,6396809,8434380,6990537]},{"id":29144,"name":"Display space","type":10,"category":207,"actions":["Build"],"coordinates":[[7738,27364]],"size":[2,2,523],"rotations":[0],"colors":[7122329,6396809,8434380,6990537]},{"id":13830,"name":"Window","type":0,"category":0,"actions":[],"coordinates":[[7776,27382],[7776,27370],[7784,27390],[7784,27362],[7796,27390],[7796,27362],[7804,27382],[7804,27370]],"size":[1,1,523],"rotations":[0,0,0,0,0,0,0,0],"colors":[7122329,6396809,8434380,6990537]},{"id":33351,"name":"Curtain space","type":5,"category":207,"actions":["Build"],"coordinates":[[7776,27382],[7776,27370],[7784,27390],[7784,27362],[7796,27390],[7796,27362],[7804,27382],[7804,27370]],"size":[1,1,523],"rotations":[0,0,0,0,0,0,0,0],"colors":[7122329,6396809,8434380,6990537]},{"id":33346,"name":"Portal Nexus space","type":10,"category":207,"actions":["Build"],"coordinates":[[7790,27376]],"size":[2,2,523],"rotations":[0],"colors":[7122329,6396809,8434380,6990537]},{"id":41030,"name":"Statue space","type":11,"category":207,"actions":["Build"],"coordinates":[[7842,27388]],"size":[2,2,523],"rotations":[0],"colors":[7122329,6396809,8434380,6990537]},{"id":41028,"name":"Banner stand space","type":11,"category":207,"actions":["Build"],"coordinates":[[7840,27362]],"size":[1,1,523],"rotations":[0],"colors":[7122329,6396809,8434380,6990537]},{"id":41024,"name":"Pedestal space","type":10,"category":207,"actions":["Build"],"coordinates":[[7846,27364]],"size":[2,2,523],"rotations":[0],"colors":[7122329,6396809,8434380,6990537]},{"id":41025,"name":"Pedestal space","type":10,"category":207,"actions":["Build"],"coordinates":[[7854,27364]],"size":[2,2,523],"rotations":[0],"colors":[7122329,6396809,8434380,6990537]},{"id":41026,"name":"Pedestal space","type":10,"category":207,"actions":["Build"],"coordinates":[[7862,27364]],"size":[2,2,523],"rotations":[0],"colors":[7122329,6396809,8434380,6990537]},{"id":41027,"name":"Trophy case space","type":11,"category":207,"actions":["Build"],"coordinates":[[7866,27388]],"size":[2,2,523],"rotations":[0],"colors":[7122329,6396809,8434380,6990537]},{"id":41029,"name":"Outfit stand space","type":11,"category":207,"actions":["Build"],"coordinates":[[7868,27362]],"size":[1,1,523],"rotations":[0],"colors":[7122329,6396809,8434380,6990537]}]