[{"id":49360,"name":"Nerves","type":11,"category":0,"actions":[],"coordinates":[[8038,24690],[8182,24670]],"size":[2,1,523],"rotations":[0,2],"colors":[7122329,6396809,8434380,6990537]},{"id":49354,"name":"Brain matter","type":11,"category":0,"actions":[],"coordinates":[[8040,24698],[8056,24710],[8100,24670],[8112,24714],[8188,24662]],"size":[1,1,523],"rotations":[0,0,0,0,0],"colors":[7122329,6396809,8434380,6990537]},{"id":49355,"name":"Brain matter","type":11,"category":0,"actions":[],"coordinates":[[8040,24694],[8040,24682],[8044,24678],[8056,24714],[8068,24662],[8072,24726],[8076,24726],[8152,24726]],"size":[1,1,523],"rotations":[0,0,0,0,0,0,0,0],"colors":[7122329,6396809,8434380,6990537]},{"id":49204,"name":"Abyssal Rift","type":10,"category":0,"actions":["Enter"],"coordinates":[[8044,24690]],"size":[7,1,523],"rotations":[1],"colors":[7122329,6396809,8434380,6990537]},{"id":49206,"name":"Closed Passage","type":10,"category":0,"actions":[],"coordinates":[[8052,24712],[8110,24670],[8162,24738],[8174,24666],[8188,24720]],"size":[1,2,523],"rotations":[2,3,1,3,0],"colors":[7122329,6396809,8434380,6990537]},{"id":49388,"name":"Vent","type":11,"category":0,"actions":[],"coordinates":[[8054,24672],[8090,24724],[8154,24688]],"size":[2,2,523],"rotations":[0,0,0],"colors":[7122329,6396809,8434380,6990537]},{"id":49359,"name":"Nerve","type":11,"category":0,"actions":[],"coordinates":[[8060,24722],[8160,24674],[8180,24706]],"size":[1,1,523],"rotations":[0,0,0],"colors":[7122329,6396809,8434380,6990537]},{"id":49240,"name":"Broken Pillar","type":11,"category":0,"actions":[],"coordinates":[[8062,24716],[8154,24672]],"size":[2,2,523],"rotations":[0,0],"colors":[7122329,6396809,8434380,6990537]},{"id":49367,"name":"Nerve formation","type":10,"category":0,"actions":[],"coordinates":[[8066,24724],[8178,24724]],"size":[2,2,523],"rotations":[0,0],"colors":[7122329,6396809,8434380,6990537]},{"id":49357,"name":"Nerve","type":10,"category":0,"actions":[],"coordinates":[[8072,24666],[8180,24694]],"size":[1,1,523],"rotations":[0,0],"colors":[7122329,6396809,8434380,6990537]},{"id":49356,"name":"Brain matter","type":11,"category":0,"actions":[],"coordinates":[[8072,24662],[8096,24710],[8112,24710],[8124,24670],[8156,24730],[8164,24674]],"size":[1,1,523],"rotations":[0,0,0,0,0,0],"colors":[7122329,6396809,8434380,6990537]},{"id":49363,"name":"Nerves","type":10,"category":0,"actions":[],"coordinates":[[8078,24666]],"size":[2,1,523],"rotations":[2],"colors":[7122329,6396809,8434380,6990537]},{"id":49245,"name":"Broken Boat","type":10,"category":0,"actions":[],"coordinates":[[8080,24660]],"size":[2,3,523],"rotations":[3],"colors":[7122329,6396809,8434380,6990537]},{"id":49244,"name":"Broken Boat","type":10,"category":0,"actions":[],"coordinates":[[8082,24728]],"size":[2,2,523],"rotations":[0],"colors":[7122329,6396809,8434380,6990537]},{"id":49362,"name":"Nerve","type":10,"category":0,"actions":[],"coordinates":[[8088,24666]],"size":[1,1,523],"rotations":[0],"colors":[7122329,6396809,8434380,6990537]},{"id":49365,"name":"Nerves","type":10,"category":0,"actions":[],"coordinates":[[8090,24662]],"size":[2,1,523],"rotations":[0],"colors":[7122329,6396809,8434380,6990537]},{"id":49364,"name":"Nerves","type":10,"category":0,"actions":[],"coordinates":[[8092,24712],[8170,24730]],"size":[2,1,523],"rotations":[3,2],"colors":[7122329,6396809,8434380,6990537]},{"id":49239,"name":"Broken Pillar","type":11,"category":0,"actions":[],"coordinates":[[8094,24666],[8152,24716]],"size":[2,3,523],"rotations":[0,1],"colors":[7122329,6396809,8434380,6990537]},{"id":49361,"name":"Nerve","type":10,"category":0,"actions":[],"coordinates":[[8116,24674]],"size":[1,1,523],"rotations":[0],"colors":[7122329,6396809,8434380,6990537]},{"id":49209,"name":"Stepping Stone","type":22,"category":0,"actions":["Cross"],"coordinates":[[8124,24710],[8132,24710]],"size":[1,1,523],"rotations":[0,0],"colors":[7122329,6396809,8434380,6990537]},{"id":49358,"name":"Nerve","type":10,"category":0,"actions":[],"coordinates":[[8156,24726]],"size":[1,1,523],"rotations":[0],"colors":[7122329,6396809,8434380,6990537]},{"id":49924,"name":"Stepping Stone","type":22,"category":0,"actions":["Jump"],"coordinates":[[8164,24722]],"size":[1,1,523],"rotations":[0],"colors":[7122329,6396809,8434380,6990537]},{"id":49246,"name":"Broken Boat","type":10,"category":0,"actions":[],"coordinates":[[8184,24698]],"size":[3,3,523],"rotations":[0],"colors":[7122329,6396809,8434380,6990537]}]