[{"id":7397,"name":"Leafy tree","type":10,"category":0,"actions":[],"coordinates":[[8066,39760]],"size":[2,2,523],"rotations":[0],"colors":[7122329,6396809,8434380,6990537]},{"id":58541,"name":"Palm","type":10,"category":0,"actions":[],"coordinates":[[8064,39750],[8092,39750]],"size":[1,1,523],"rotations":[0,0],"colors":[7122329,6396809,8434380,6990537]},{"id":58543,"name":"Palm","type":10,"category":0,"actions":[],"coordinates":[[8076,39762],[8104,39770]],"size":[1,1,523],"rotations":[0,0],"colors":[7122329,6396809,8434380,6990537]},{"id":1400,"name":"Jungle plant","type":10,"category":0,"actions":[],"coordinates":[[8078,39744],[8102,39780]],"size":[2,2,523],"rotations":[0,0],"colors":[7122329,6396809,8434380,6990537]},{"id":1304,"name":"Tree","type":10,"category":0,"actions":[],"coordinates":[[8082,39776],[8090,39740],[8122,39760]],"size":[2,2,523],"rotations":[0,0,0],"colors":[7122329,6396809,8434380,6990537]},{"id":58542,"name":"Palm","type":10,"category":0,"actions":[],"coordinates":[[8080,39774],[8088,39778],[8100,39758]],"size":[1,1,523],"rotations":[0,0,0],"colors":[7122329,6396809,8434380,6990537]},{"id":44144,"name":"Bush","type":10,"category":0,"actions":[],"coordinates":[[8080,39758],[8084,39750],[8096,39774]],"size":[1,1,523],"rotations":[0,0,0],"colors":[7122329,6396809,8434380,6990537]},{"id":44146,"name":"Bush","type":10,"category":0,"actions":[],"coordinates":[[8084,39782]],"size":[1,1,523],"rotations":[0],"colors":[7122329,6396809,8434380,6990537]},{"id":44133,"name":"Bullrush","type":10,"category":0,"actions":[],"coordinates":[[8084,39770]],"size":[1,1,523],"rotations":[0],"colors":[7122329,6396809,8434380,6990537]},{"id":44136,"name":"Bullrush","type":10,"category":0,"actions":[],"coordinates":[[8084,39758]],"size":[1,1,523],"rotations":[0],"colors":[7122329,6396809,8434380,6990537]},{"id":44135,"name":"Bullrush","type":10,"category":0,"actions":[],"coordinates":[[8088,39758]],"size":[1,1,523],"rotations":[0],"colors":[7122329,6396809,8434380,6990537]},{"id":44137,"name":"Bullrush","type":10,"category":0,"actions":[],"coordinates":[[8100,39766]],"size":[1,1,523],"rotations":[0],"colors":[7122329,6396809,8434380,6990537]},{"id":44143,"name":"Bush","type":10,"category":0,"actions":[],"coordinates":[[8104,39762]],"size":[1,1,523],"rotations":[0],"colors":[7122329,6396809,8434380,6990537]},{"id":44145,"name":"Bush","type":10,"category":0,"actions":[],"coordinates":[[8116,39770]],"size":[1,1,523],"rotations":[0],"colors":[7122329,6396809,8434380,6990537]},{"id":18895,"name":"Rockslide","type":10,"category":0,"actions":[],"coordinates":[[8126,39772]],"size":[2,2,523],"rotations":[0],"colors":[7122329,6396809,8434380,6990537]},{"id":18894,"name":"Rockslide","type":10,"category":0,"actions":[],"coordinates":[[8134,39780],[8134,39772]],"size":[2,2,523],"rotations":[0,0],"colors":[7122329,6396809,8434380,6990537]},{"id":18892,"name":"Rockslide","type":10,"category":0,"actions":[],"coordinates":[[8138,39772]],"size":[2,2,523],"rotations":[0],"colors":[7122329,6396809,8434380,6990537]},{"id":18893,"name":"Rockslide","type":10,"category":0,"actions":[],"coordinates":[[8142,39776]],"size":[2,2,523],"rotations":[0],"colors":[7122329,6396809,8434380,6990537]},{"id":18460,"name":"Broken boat","type":10,"category":0,"actions":[],"coordinates":[[8146,39782]],"size":[2,3,523],"rotations":[0],"colors":[7122329,6396809,8434380,6990537]}]