[{"id":9519,"name":"Barrel","type":10,"category":0,"actions":[],"coordinates":[[8040,31138],[8048,31134],[8048,31130],[8084,31130],[8092,31122]],"size":[1,1,523],"rotations":[0,0,0,0,0],"colors":[7122329,6396809,8434380,6990537]},{"id":59928,"name":"Ship's wheel","type":10,"category":0,"actions":[],"coordinates":[[8040,31130]],"size":[1,1,523],"rotations":[0],"colors":[7122329,6396809,8434380,6990537]},{"id":59912,"name":"Unfurled sail","type":10,"category":0,"actions":[],"coordinates":[[8044,31130],[8100,31130]],"size":[1,1,523],"rotations":[0,0],"colors":[7122329,6396809,8434380,6990537]},{"id":4060,"name":"Ship's ladder","type":10,"category":0,"actions":["Climb-up"],"coordinates":[[8048,31126],[8084,31134]],"size":[1,1,523],"rotations":[0,0],"colors":[7122329,6396809,8434380,6990537]},{"id":969,"name":"Fishing net","type":4,"category":0,"actions":[],"coordinates":[[8048,31118],[8052,31142],[8052,31118],[8056,31118],[8064,31142],[8068,31142],[8068,31118],[8072,31142],[8072,31118],[8080,31142]],"size":[1,1,523],"rotations":[0,0,0,0,0,0,0,0,0,0],"colors":[7122329,6396809,8434380,6990537]},{"id":255,"name":"Winch","type":10,"category":0,"actions":["Operate"],"coordinates":[[8084,31126]],"size":[1,1,523],"rotations":[0],"colors":[7122329,6396809,8434380,6990537]},{"id":41410,"name":"Axes","type":10,"category":0,"actions":["Take"],"coordinates":[[8088,31122]],"size":[1,1,523],"rotations":[0],"colors":[7122329,6396809,8434380,6990537]},{"id":41408,"name":"Bailing buckets","type":10,"category":0,"actions":["Take","Take-5","Take-10","Take-X"],"coordinates":[[8092,31138]],"size":[1,1,523],"rotations":[0],"colors":[7122329,6396809,8434380,6990537]},{"id":41409,"name":"Hammers","type":10,"category":0,"actions":["Take"],"coordinates":[[8096,31138]],"size":[1,1,523],"rotations":[0],"colors":[7122329,6396809,8434380,6990537]},{"id":59905,"name":"Figurehead","type":10,"category":0,"actions":[],"coordinates":[[8104,31130]],"size":[1,1,523],"rotations":[0],"colors":[7122329,6396809,8434380,6990537]},{"id":59910,"name":"Hoisted sail","type":10,"category":0,"actions":[],"coordinates":[[8118,31130]],"size":[8,1,523],"rotations":[2],"colors":[7122329,6396809,8434380,6990537]}]