[{"id":2481,"name":"Trawler net","type":10,"category":0,"actions":["Inspect"],"coordinates":[[8034,30860]],"size":[2,6,523],"rotations":[0],"colors":[7122329,6396809,8434380,6990537]},{"id":362,"name":"Barrel","type":10,"category":0,"actions":[],"coordinates":[[8040,30882],[8048,30878],[8048,30874],[8084,30874],[8092,30882],[8096,30882]],"size":[1,1,523],"rotations":[0,0,0,0,0,0],"colors":[7122329,6396809,8434380,6990537]},{"id":252,"name":"Ship's wheel","type":10,"category":0,"actions":[],"coordinates":[[8040,30874]],"size":[1,1,523],"rotations":[0],"colors":[7122329,6396809,8434380,6990537]},{"id":272,"name":"Ship's ladder","type":10,"category":0,"actions":["Climb-up"],"coordinates":[[8048,30870],[8084,30878]],"size":[1,1,523],"rotations":[0,0],"colors":[7122329,6396809,8434380,6990537]},{"id":273,"name":"Ship's ladder","type":10,"category":0,"actions":["Climb-down"],"coordinates":[[8048,30870],[8084,30878]],"size":[1,1,523],"rotations":[0,0],"colors":[7122329,6396809,8434380,6990537]},{"id":969,"name":"Fishing net","type":4,"category":0,"actions":[],"coordinates":[[8048,30862],[8052,30886],[8052,30862],[8056,30862],[8064,30886],[8068,30886],[8068,30862],[8072,30886],[8072,30862],[8080,30886]],"size":[1,1,523],"rotations":[0,0,0,0,0,0,0,0,0,0],"colors":[7122329,6396809,8434380,6990537]},{"id":255,"name":"Winch","type":10,"category":0,"actions":["Operate"],"coordinates":[[8084,30870]],"size":[1,1,523],"rotations":[0],"colors":[7122329,6396809,8434380,6990537]},{"id":9534,"name":"Crate","type":10,"category":209,"actions":["Search"],"coordinates":[[8088,30866],[8092,30866]],"size":[1,1,523],"rotations":[0,0],"colors":[7122329,6396809,8434380,6990537]},{"id":354,"name":"Crate","type":10,"category":0,"actions":["Search"],"coordinates":[[8104,30874]],"size":[1,1,523],"rotations":[0],"colors":[7122329,6396809,8434380,6990537]}]