[{"id":7044,"name":"Buffers","type":10,"category":0,"actions":[],"coordinates":[[7964,31854],[8024,31978],[8060,31906],[8060,31862],[8084,31954],[8124,31886]],"size":[1,1,523],"rotations":[0,0,0,0,0,0],"colors":[7122329,6396809,8434380,6990537]},{"id":8831,"name":"Mine cart","type":10,"category":0,"actions":[],"coordinates":[[7968,31854],[8024,31974],[8048,31870],[8056,31910],[8064,31862],[8144,31878]],"size":[1,1,523],"rotations":[0,0,0,0,0,0],"colors":[7122329,6396809,8434380,6990537]},{"id":11377,"name":"Runite rocks","type":10,"category":202,"actions":["Mine"],"coordinates":[[7972,31774]],"size":[1,1,523],"rotations":[0],"colors":[7122329,6396809,8434380,6990537]},{"id":11190,"name":"Rockslide","type":10,"category":0,"actions":[],"coordinates":[[7986,31988],[8038,31860],[8054,31872],[8066,31904],[8066,31840]],"size":[2,2,523],"rotations":[0,0,0,0,0],"colors":[7122329,6396809,8434380,6990537]},{"id":8830,"name":"Rocks","type":10,"category":0,"actions":[],"coordinates":[[7988,31862],[8020,31806],[8020,31794],[8032,31810],[8040,31818],[8040,31798],[8040,31794],[8044,31802],[8060,31798],[8112,31978]],"size":[1,1,523],"rotations":[0,0,0,0,0,0,0,0,0,0],"colors":[7122329,6396809,8434380,6990537]},{"id":11191,"name":"Rockslide","type":10,"category":0,"actions":[],"coordinates":[[7998,31968],[8014,31860],[8054,31864]],"size":[2,2,523],"rotations":[0,0,0],"colors":[7122329,6396809,8434380,6990537]},{"id":11192,"name":"Rockslide","type":10,"category":0,"actions":[],"coordinates":[[8002,31992],[8030,31868],[8030,31860],[8042,31868],[8078,31968]],"size":[2,2,523],"rotations":[0,0,0,0,0],"colors":[7122329,6396809,8434380,6990537]},{"id":8829,"name":"Rocks","type":10,"category":0,"actions":[],"coordinates":[[8008,31822],[8012,31982],[8032,31818],[8036,31798],[8044,31798],[8048,31802],[8060,31962],[8064,31854],[8096,31938]],"size":[1,1,523],"rotations":[0,0,0,0,0,0,0,0,0],"colors":[7122329,6396809,8434380,6990537]},{"id":8828,"name":"Rocks","type":10,"category":0,"actions":[],"coordinates":[[8012,31814],[8028,31814],[8040,31802],[8048,31806],[8056,31794]],"size":[1,1,523],"rotations":[0,0,0,0,0],"colors":[7122329,6396809,8434380,6990537]},{"id":11193,"name":"Rockslide","type":10,"category":0,"actions":[],"coordinates":[[8022,31860],[8026,31888],[8062,31868],[8118,31892]],"size":[2,2,523],"rotations":[0,0,0,0],"colors":[7122329,6396809,8434380,6990537]},{"id":6299,"name":"Skeleton","type":10,"category":0,"actions":[],"coordinates":[[8062,31802]],"size":[2,1,523],"rotations":[2],"colors":[7122329,6396809,8434380,6990537]},{"id":26577,"name":"Fire","type":10,"category":1753,"actions":[],"coordinates":[[8098,31988]],"size":[2,2,523],"rotations":[0],"colors":[7122329,6396809,8434380,6990537]},{"id":8789,"name":"Door","type":0,"category":167,"actions":["Open"],"coordinates":[[8136,31886]],"size":[1,1,523],"rotations":[0],"colors":[7122329,6396809,8434380,6990537]},{"id":8795,"name":"<col=ffff00>Gnome on a rack</col>","type":10,"category":0,"actions":["Talk-to","Release"],"coordinates":[[8140,31910]],"size":[3,1,523],"rotations":[1],"colors":[7122329,6396809,8434380,6990537]},{"id":849,"name":"Spear wall","type":10,"category":0,"actions":[],"coordinates":[[8140,31894],[8144,31894]],"size":[1,1,523],"rotations":[0,0],"colors":[7122329,6396809,8434380,6990537]},{"id":8817,"name":"Bed","type":10,"category":0,"actions":[],"coordinates":[[8140,31868],[8156,31868]],"size":[1,2,523],"rotations":[2,2],"colors":[7122329,6396809,8434380,6990537]},{"id":1535,"name":"Door","type":0,"category":0,"actions":["Open"],"coordinates":[[8140,31846],[8152,31846],[8164,31846],[8168,31854]],"size":[1,1,523],"rotations":[0,0,0,0],"colors":[7122329,6396809,8434380,6990537]},{"id":11737,"name":"Chest","type":10,"category":0,"actions":["Open","Search for traps"],"coordinates":[[8140,31834]],"size":[1,1,523],"rotations":[0],"colors":[7122329,6396809,8434380,6990537]},{"id":8814,"name":"Bed","type":10,"category":0,"actions":[],"coordinates":[[8140,31828],[8152,31828]],"size":[1,2,523],"rotations":[0,0],"colors":[7122329,6396809,8434380,6990537]},{"id":1102,"name":"Stool","type":11,"category":219,"actions":[],"coordinates":[[8144,31858],[8144,31826],[8148,31858],[8148,31850],[8148,31826],[8156,31858],[8156,31850],[8160,31826]],"size":[1,1,523],"rotations":[0,0,0,0,0,0,0,0],"colors":[7122329,6396809,8434380,6990537]},{"id":595,"name":"Table","type":10,"category":156,"actions":[],"coordinates":[[8146,31854],[8158,31854],[8164,31912]],"size":[2,1,523],"rotations":[0,0,3],"colors":[7122329,6396809,8434380,6990537]},{"id":8788,"name":"Door","type":0,"category":167,"actions":["Open"],"coordinates":[[8148,31898]],"size":[1,1,523],"rotations":[0],"colors":[7122329,6396809,8434380,6990537]},{"id":8816,"name":"Bed","type":10,"category":0,"actions":[],"coordinates":[[8148,31868],[8164,31868]],"size":[1,2,523],"rotations":[2,2],"colors":[7122329,6396809,8434380,6990537]},{"id":848,"name":"Spear wall","type":10,"category":0,"actions":[],"coordinates":[[8154,31894]],"size":[2,1,523],"rotations":[2],"colors":[7122329,6396809,8434380,6990537]},{"id":11742,"name":"Chest","type":10,"category":0,"actions":["Open","Search for traps"],"coordinates":[[8152,31834]],"size":[1,1,523],"rotations":[0],"colors":[7122329,6396809,8434380,6990537]},{"id":8797,"name":"Closed Chest","type":10,"category":0,"actions":["Open"],"coordinates":[[8156,31898]],"size":[1,1,523],"rotations":[0],"colors":[7122329,6396809,8434380,6990537]},{"id":1088,"name":"Chair","type":10,"category":884,"actions":[],"coordinates":[[8160,31914],[8160,31910],[8176,31910]],"size":[1,1,523],"rotations":[0,0,0],"colors":[7122329,6396809,8434380,6990537]},{"id":889,"name":"Painting","type":4,"category":0,"actions":[],"coordinates":[[8160,31842]],"size":[1,1,523],"rotations":[0],"colors":[7122329,6396809,8434380,6990537]},{"id":1096,"name":"Rocking chair","type":11,"category":0,"actions":[],"coordinates":[[8160,31842]],"size":[1,1,523],"rotations":[0],"colors":[7122329,6396809,8434380,6990537]},{"id":35961,"name":"Closed Chest","type":10,"category":0,"actions":["Open"],"coordinates":[[8164,31834]],"size":[1,1,523],"rotations":[0],"colors":[7122329,6396809,8434380,6990537]},{"id":8815,"name":"Bed","type":10,"category":0,"actions":[],"coordinates":[[8164,31828]],"size":[1,2,523],"rotations":[0],"colors":[7122329,6396809,8434380,6990537]},{"id":8787,"name":"Door","type":0,"category":167,"actions":["Open"],"coordinates":[[8168,31898]],"size":[1,1,523],"rotations":[0],"colors":[7122329,6396809,8434380,6990537]},{"id":890,"name":"Portrait","type":5,"category":0,"actions":[],"coordinates":[[8168,31834]],"size":[1,1,523],"rotations":[0],"colors":[7122329,6396809,8434380,6990537]},{"id":35959,"name":"Desk","type":10,"category":154,"actions":["Search"],"coordinates":[[8172,31914]],"size":[1,1,523],"rotations":[0],"colors":[7122329,6396809,8434380,6990537]},{"id":8785,"name":"Ladder","type":10,"category":0,"actions":["Climb-up"],"coordinates":[[8176,31830]],"size":[1,1,523],"rotations":[0],"colors":[7122329,6396809,8434380,6990537]}]