[{"id":15695,"name":"Crate","type":10,"category":0,"actions":["Search"],"coordinates":[[7980,30106],[7988,30106],[7992,30106],[7996,30106],[7996,30090],[8000,30094],[8016,30106],[8016,30098],[8024,30114],[8024,30110],[8024,30106]],"size":[1,1,523],"rotations":[0,0,0,0,0,0,0,0,0,0,0],"colors":[7122329,6396809,8434380,6990537]},{"id":15707,"name":"Crate","type":10,"category":0,"actions":[],"coordinates":[[7984,30106]],"size":[1,1,523],"rotations":[0],"colors":[7122329,6396809,8434380,6990537]},{"id":15698,"name":"Crate","type":10,"category":0,"actions":[],"coordinates":[[7984,30100]],"size":[2,1,523],"rotations":[1],"colors":[7122329,6396809,8434380,6990537]},{"id":15713,"name":"Drilling machine","type":10,"category":0,"actions":["Smash"],"coordinates":[[7992,30078]],"size":[3,3,523],"rotations":[0],"colors":[7122329,6396809,8434380,6990537]},{"id":15697,"name":"Crate","type":10,"category":0,"actions":[],"coordinates":[[8010,30106],[8020,30108]],"size":[2,1,523],"rotations":[2,1],"colors":[7122329,6396809,8434380,6990537]},{"id":15704,"name":"Crate","type":10,"category":0,"actions":["Search"],"coordinates":[[8016,30102]],"size":[1,1,523],"rotations":[0],"colors":[7122329,6396809,8434380,6990537]},{"id":15696,"name":"Crate","type":10,"category":0,"actions":["Search"],"coordinates":[[8020,30102]],"size":[1,1,523],"rotations":[0],"colors":[7122329,6396809,8434380,6990537]},{"id":15706,"name":"Crate","type":10,"category":0,"actions":[],"coordinates":[[8020,30086]],"size":[1,1,523],"rotations":[0],"colors":[7122329,6396809,8434380,6990537]},{"id":15761,"name":"Sack Pile","type":10,"category":0,"actions":[],"coordinates":[[8058,30054],[8068,30044],[8084,30052],[8088,30056]],"size":[2,1,523],"rotations":[2,1,3,1],"colors":[7122329,6396809,8434380,6990537]},{"id":15760,"name":"Sack","type":10,"category":0,"actions":[],"coordinates":[[8056,30042],[8060,30042],[8064,30046],[8064,30042],[8088,30050]],"size":[1,1,523],"rotations":[0,0,0,0,0],"colors":[7122329,6396809,8434380,6990537]},{"id":15762,"name":"Sacks","type":10,"category":0,"actions":[],"coordinates":[[8064,30058],[8072,30042],[8080,30046]],"size":[1,1,523],"rotations":[0,0,0],"colors":[7122329,6396809,8434380,6990537]},{"id":15719,"name":"Table","type":10,"category":156,"actions":[],"coordinates":[[8078,30042]],"size":[2,1,523],"rotations":[2],"colors":[7122329,6396809,8434380,6990537]},{"id":15746,"name":"Ladder","type":10,"category":0,"actions":["Climb-up"],"coordinates":[[8096,30082]],"size":[1,1,523],"rotations":[0],"colors":[7122329,6396809,8434380,6990537]}]