[{"id":29141,"name":"Adventure log space","type":10,"category":207,"actions":["Build"],"coordinates":[[7970,27388]],"size":[2,2,523],"rotations":[0],"colors":[7122329,6396809,8434380,6990537]},{"id":29143,"name":"Boss lair space","type":10,"category":207,"actions":["Build"],"coordinates":[[7972,27366]],"size":[3,3,523],"rotations":[0],"colors":[7122329,6396809,8434380,6990537]},{"id":29144,"name":"Display space","type":10,"category":207,"actions":["Build"],"coordinates":[[7994,27364]],"size":[2,2,523],"rotations":[0],"colors":[7122329,6396809,8434380,6990537]},{"id":13830,"name":"Window","type":0,"category":0,"actions":[],"coordinates":[[8032,27382],[8032,27370],[8040,27390],[8040,27362],[8052,27390],[8052,27362],[8060,27382],[8060,27370]],"size":[1,1,523],"rotations":[0,0,0,0,0,0,0,0],"colors":[7122329,6396809,8434380,6990537]},{"id":33351,"name":"Curtain space","type":5,"category":207,"actions":["Build"],"coordinates":[[8032,27382],[8032,27370],[8040,27390],[8040,27362],[8052,27390],[8052,27362],[8060,27382],[8060,27370]],"size":[1,1,523],"rotations":[0,0,0,0,0,0,0,0],"colors":[7122329,6396809,8434380,6990537]},{"id":33346,"name":"Portal Nexus space","type":10,"category":207,"actions":["Build"],"coordinates":[[8046,27376]],"size":[2,2,523],"rotations":[0],"colors":[7122329,6396809,8434380,6990537]},{"id":41030,"name":"Statue space","type":11,"category":207,"actions":["Build"],"coordinates":[[8098,27388]],"size":[2,2,523],"rotations":[0],"colors":[7122329,6396809,8434380,6990537]},{"id":41028,"name":"Banner stand space","type":11,"category":207,"actions":["Build"],"coordinates":[[8096,27362]],"size":[1,1,523],"rotations":[0],"colors":[7122329,6396809,8434380,6990537]},{"id":41024,"name":"Pedestal space","type":10,"category":207,"actions":["Build"],"coordinates":[[8102,27364]],"size":[2,2,523],"rotations":[0],"colors":[7122329,6396809,8434380,6990537]},{"id":41025,"name":"Pedestal space","type":10,"category":207,"actions":["Build"],"coordinates":[[8110,27364]],"size":[2,2,523],"rotations":[0],"colors":[7122329,6396809,8434380,6990537]},{"id":41026,"name":"Pedestal space","type":10,"category":207,"actions":["Build"],"coordinates":[[8118,27364]],"size":[2,2,523],"rotations":[0],"colors":[7122329,6396809,8434380,6990537]},{"id":41027,"name":"Trophy case space","type":11,"category":207,"actions":["Build"],"coordinates":[[8122,27388]],"size":[2,2,523],"rotations":[0],"colors":[7122329,6396809,8434380,6990537]},{"id":41029,"name":"Outfit stand space","type":11,"category":207,"actions":["Build"],"coordinates":[[8124,27362]],"size":[1,1,523],"rotations":[0],"colors":[7122329,6396809,8434380,6990537]}]